Time (s),AX (g),AY (g),AZ (g),GX (dps),GY (dps),GZ (dps),Roll Gyro Pure (deg),Pitch Gyro Pure (deg),Yaw Gyro Pure (deg),Roll Accel (deg),Pitch Accel (deg),Roll CF (deg),Pitch CF (deg),Yaw CF (deg),Compass Heading (deg)
0.000,0.0251,0.0095,1.1492,0.6836,0.0968,-0.0339,0.0137,0.0019,257.2918,0.4747,-1.2535,0.0321,-0.0483,257.2918,257.29
0.020,0.0166,0.0342,1.1702,0.1034,-0.3078,0.3248,0.0157,-0.0042,257.2853,1.6731,-0.8125,0.0997,-0.0848,257.2832,257.23
0.040,0.0051,0.0291,1.1641,0.5233,0.0052,-1.6675,0.0262,-0.0041,257.3186,1.4297,-0.2523,0.1630,-0.0914,257.3132,257.23
0.060,-0.0142,0.0288,1.1602,0.2943,-0.4146,0.4241,0.0321,-0.0124,257.3102,1.4225,0.6991,0.2190,-0.0677,257.3015,257.22
0.080,-0.0007,0.0498,1.1318,2.2714,-0.3765,0.4546,0.0775,-0.0199,257.3011,2.5196,0.0370,0.3546,-0.0707,257.2950,257.36
0.100,0.0022,0.0503,1.1194,0.0118,-0.4604,0.3096,0.0778,-0.0291,257.2949,2.5725,-0.1124,0.4436,-0.0812,257.2923,257.38
0.121,0.0107,0.0408,1.1116,-0.1256,-0.4375,0.2332,0.0752,-0.0379,257.2902,2.1006,-0.5533,0.5075,-0.1085,257.2913,257.38
0.141,0.0183,0.0161,1.0840,-0.2782,0.2800,-0.2019,0.0697,-0.0323,257.2942,0.8516,-0.9676,0.5159,-0.1375,257.3166,257.83
0.161,0.0459,0.0337,1.0474,0.2485,0.0358,-0.1408,0.0746,-0.0316,257.2971,1.8424,-2.5080,0.5737,-0.2316,257.3425,257.90
0.181,0.0447,0.0256,1.0720,0.1874,0.4022,-0.1866,0.0784,-0.0235,257.3008,1.3698,-2.3858,0.6092,-0.3101,257.3681,257.90
0.201,0.0598,0.0000,1.0789,-0.0187,0.2342,-0.2935,0.0780,-0.0189,257.3067,0.0000,-3.1734,0.5844,-0.4201,257.3953,257.91
0.221,0.0562,0.0063,1.0950,0.2027,0.2648,-0.3775,0.0821,-0.0136,257.3142,0.3321,-2.9356,0.5782,-0.5157,257.4230,257.91
0.241,0.0269,0.0076,1.0942,0.3553,0.1274,-0.3546,0.0892,-0.0110,257.3213,0.3963,-1.4059,0.5778,-0.5488,257.4491,257.91
0.261,0.0112,-0.0063,1.1370,-1.4233,0.1884,-0.1255,0.0607,-0.0072,257.3238,-0.3199,-0.5659,0.5145,-0.5459,257.4699,257.91
0.281,-0.0120,0.0354,1.1643,0.4240,-0.1704,0.0195,0.0692,-0.0106,257.3234,1.7415,0.5884,0.5718,-0.5038,257.4870,257.91
0.301,-0.0181,0.0217,1.1169,-0.2630,0.0739,2.1645,0.0639,-0.0092,257.2801,1.1145,0.9265,0.5884,-0.4452,257.4622,257.91
0.321,-0.0105,0.0396,1.1499,0.3019,1.3793,-1.5912,0.0700,0.0184,257.3120,1.9699,0.5228,0.6495,-0.3800,257.5106,257.91
0.341,0.0051,0.0654,1.1128,2.3172,-0.2391,-1.6828,0.1163,0.0136,257.3456,3.3650,-0.2635,0.8026,-0.3799,257.5587,257.91
0.361,0.0034,0.0356,1.1140,-0.1179,-0.2620,0.2485,0.1140,0.0084,257.3406,1.8326,-0.1757,0.8415,-0.3768,257.5679,257.91
0.381,0.0208,0.0298,1.0872,-0.0645,-0.3307,0.4851,0.1127,0.0018,257.3309,1.5694,-1.0931,0.8694,-0.4118,257.5721,257.91
0.402,0.0439,0.0330,1.0645,-0.3088,0.0281,0.0882,0.1065,0.0023,257.3292,1.7735,-2.3629,0.8996,-0.4893,257.5762,257.71
0.422,0.0425,0.0188,1.0767,-0.3011,0.1426,0.0958,0.1005,0.0052,257.3273,1.0003,-2.2591,0.8979,-0.5573,257.5787,257.69
0.442,0.0623,0.0000,1.1345,0.5080,0.0281,-0.2248,0.1106,0.0058,257.3318,0.0000,-3.1409,0.8717,-0.6601,257.5871,257.68
0.462,0.0479,0.0120,1.1091,0.2561,0.0358,0.0348,0.1158,0.0065,257.3311,0.6180,-2.4703,0.8665,-0.7318,257.5902,257.68
0.482,0.0515,0.0095,1.1206,-1.5378,0.4327,-0.3088,0.0850,0.0151,257.3372,0.4868,-2.6319,0.8218,-0.7995,257.5890,257.41
0.502,0.0427,-0.0129,1.1672,0.7141,0.0587,-0.1866,0.0993,0.0163,257.3410,-0.6351,-2.0961,0.7772,-0.8503,257.5839,257.37
0.522,0.0171,0.0288,1.1433,0.8821,0.0663,-0.0568,0.1169,0.0176,257.3421,1.4434,-0.8561,0.8208,-0.8492,257.5762,257.37
0.542,0.0112,0.0466,1.1833,0.4164,-0.3307,0.0806,0.1252,0.0110,257.3405,2.2566,-0.5433,0.8862,-0.8434,257.5652,257.34
0.562,-0.0154,0.0229,1.1719,0.3019,1.3793,0.3935,0.1313,0.0386,257.3326,1.1219,0.7518,0.9014,-0.7531,257.5485,257.34
0.582,0.0137,0.0293,1.1399,-1.5531,0.1808,-0.1408,0.1002,0.0422,257.3354,1.4723,-0.6869,0.8945,-0.7469,257.5427,257.34
0.602,0.0312,0.0359,1.1235,-0.1408,0.1579,-0.4309,0.0974,0.0454,257.3441,1.8296,-1.5924,0.9292,-0.7777,257.5490,257.49
0.622,0.0513,0.0300,1.1018,-0.1637,0.0434,0.1111,0.0941,0.0462,257.3418,1.5612,-2.6632,0.9513,-0.8523,257.5447,257.49
0.642,0.0476,0.0051,1.1006,-0.2401,0.0739,-0.1332,0.0893,0.0477,257.3445,0.2669,-2.4768,0.9193,-0.9159,257.5462,257.52
0.663,0.0530,0.0078,1.1033,0.1721,0.3487,-0.2324,0.0928,0.0547,257.3491,0.4057,-2.7491,0.9021,-0.9825,257.5497,257.52
0.684,0.0222,0.0139,1.1504,0.7370,-0.0177,-0.1255,0.1075,0.0543,257.3517,0.6931,-1.1063,0.9079,-0.9878,257.5568,257.67
0.704,0.0076,0.0410,1.1714,0.2103,-0.3307,0.3477,0.1117,0.0477,257.3447,2.0054,-0.3700,0.9558,-0.9694,257.5554,257.69
0.724,-0.0073,0.0325,1.1699,0.4698,-0.5062,-1.5988,0.1211,0.0376,257.3767,1.5898,0.3586,0.9902,-0.9260,257.5914,257.69
0.744,-0.0156,0.0317,1.1584,-1.5683,-0.2162,0.2027,0.0898,0.0333,257.3726,1.5694,0.7725,0.9832,-0.8622,257.5915,257.69
0.764,0.0029,0.0601,1.1155,0.0118,-0.4910,0.3706,0.0900,0.0235,257.3652,3.0819,-0.1503,1.0674,-0.8432,257.5884,257.69
0.784,0.0098,0.0400,1.1155,-0.1027,-0.4146,0.3096,0.0879,0.0152,257.3590,2.0557,-0.5013,1.1050,-0.8375,257.5866,257.69
0.804,0.0168,0.0381,1.0876,-0.1714,-0.1704,0.1340,0.0845,0.0118,257.3563,2.0055,-0.8868,1.1377,-0.8427,257.5771,257.41
0.824,0.0339,0.0437,1.0647,-0.1485,0.0587,-0.0263,0.0815,0.0129,257.3569,2.3504,-1.8241,1.1834,-0.8809,257.5694,257.37
0.844,0.0583,0.0046,1.1548,-1.4157,0.1045,-0.2553,0.0532,0.0150,257.3620,0.2302,-2.8926,1.1180,-0.9593,257.5661,257.37
0.864,0.0500,0.0076,1.0806,0.2943,0.0510,0.0958,0.0591,0.0160,257.3601,0.4013,-2.6518,1.0950,-1.0260,257.5562,257.37
0.884,0.0596,0.0137,1.1091,0.1950,0.2037,-0.3240,0.0630,0.0201,257.3665,0.7062,-3.0741,1.0832,-1.1040,257.5592,257.47
0.904,0.0449,-0.0151,1.1558,0.5691,0.1197,-0.1790,0.0744,0.0225,257.3701,-0.7503,-2.2256,1.0208,-1.1466,257.5599,257.49
0.924,-0.0054,0.0129,1.1621,0.6912,0.0281,-0.1713,0.0882,0.0231,257.3735,0.6379,0.2648,1.0188,-1.0896,257.5605,257.49
0.945,-0.0112,0.0308,1.1458,0.5385,-0.4146,0.0729,0.0990,0.0148,257.3721,1.5379,0.5614,1.0499,-1.0315,257.5520,257.38
0.965,0.0042,0.0542,1.1611,0.4088,-0.5520,0.3248,0.1072,0.0037,257.3656,2.6725,-0.2046,1.1226,-1.0091,257.5384,257.37
0.985,0.0132,0.0408,1.0562,-0.1332,0.0587,0.3172,0.1045,0.0049,257.3592,2.2107,-0.7146,1.1636,-0.9962,257.5253,257.36
1.005,0.0186,0.0308,1.1174,-0.2248,0.2800,-0.2859,0.1000,0.0105,257.3650,1.5769,-0.9509,1.1758,-0.9890,257.5180,257.21
1.025,0.0388,0.0312,1.0730,-0.3393,-0.1017,2.1569,0.0932,0.0085,257.3218,1.6682,-2.0710,1.1890,-1.0342,257.4641,257.21
1.045,0.0540,-0.0020,1.0977,-0.1866,0.2571,-0.0110,0.0895,0.0136,257.3220,-0.1019,-2.8141,1.1338,-1.1005,257.4530,257.18
1.065,0.0508,0.0154,1.1047,-0.0721,0.2266,-0.1484,0.0880,0.0182,257.3250,0.7977,-2.6316,1.1189,-1.1574,257.4448,257.18
1.085,0.0564,0.0125,1.1206,-1.5378,0.3716,-0.5454,0.0573,0.0256,257.3359,0.6366,-2.8809,1.0701,-1.2192,257.4661,257.71
1.105,0.0388,-0.0034,1.1509,-1.5149,0.2648,-0.1637,0.0270,0.0309,257.3392,-0.1702,-1.9318,0.9914,-1.2426,257.4824,257.80
1.125,0.0244,0.0330,1.1636,0.5080,-0.2009,0.0500,0.0371,0.0269,257.3382,1.6225,-1.2015,1.0264,-1.2448,257.4944,257.81
1.145,0.0149,0.0322,1.1689,1.9279,0.0052,0.0653,0.0757,0.0270,257.3369,1.5792,-0.7296,1.0855,-1.2241,257.4950,257.54
1.165,-0.0112,0.0173,1.1665,0.4317,-0.5673,0.1798,0.0843,0.0156,257.3333,0.8513,0.5515,1.0845,-1.1640,257.4934,257.54
1.185,-0.0049,0.0542,1.1228,2.0653,-0.2467,0.4012,0.1256,0.0107,257.3253,2.7636,0.2489,1.1913,-1.1122,257.4860,257.50
1.205,0.0002,0.0554,1.1096,-0.0798,-0.5062,0.2027,0.1240,0.0006,257.3212,2.8593,-0.0126,1.2565,-1.0779,257.4824,257.49
1.225,0.0222,0.0344,1.0867,-0.1637,-0.1398,0.3172,0.1208,-0.0022,257.3149,1.8144,-1.1707,1.2756,-1.0843,257.4670,257.25
1.245,0.0383,0.0315,1.0776,-0.3393,0.1732,-0.0416,0.1140,0.0012,257.3157,1.6740,-2.0362,1.2851,-1.1191,257.4576,257.21
1.266,0.0439,0.0127,1.0977,-0.3164,0.1045,-0.2782,0.1077,0.0033,257.3213,0.6626,-2.2925,1.2541,-1.1640,257.4529,257.21
1.286,0.0544,-0.0139,1.1409,0.5691,-0.3383,-1.6141,0.1190,-0.0034,257.3536,-0.6988,-2.7319,1.1869,-1.2332,257.4740,257.21
1.306,0.0574,0.0024,1.1160,0.2256,0.1121,-0.3851,0.1236,-0.0012,257.3613,0.1253,-2.9430,1.1488,-1.2995,257.4706,257.21
1.326,0.0110,-0.0125,1.1711,0.6072,-0.0253,-0.1637,0.1357,-0.0017,257.3645,-0.6091,-0.5374,1.0901,-1.2695,257.4632,257.21
1.346,-0.0142,0.0264,1.1531,0.4546,-0.0253,0.0882,0.1448,-0.0022,257.3628,1.3099,0.7034,1.1076,-1.1910,257.4556,257.32
1.366,-0.0015,0.0208,1.1614,0.3782,-0.4757,0.2332,0.1524,-0.0117,257.3581,1.0237,0.0723,1.1115,-1.1496,257.4462,257.33
1.386,0.0039,0.0471,1.1638,0.4088,-0.6131,0.4012,0.1605,-0.0240,257.3501,2.3184,-0.1921,1.1677,-1.1231,257.4340,257.34
1.406,0.0198,0.0305,1.1096,-0.0569,-0.4146,0.1951,0.1594,-0.0323,257.3462,1.5754,-1.0206,1.1829,-1.1270,257.4327,257.49
1.426,0.0366,0.0037,1.0767,-0.0798,0.2800,-0.0416,0.1578,-0.0267,257.3470,0.1949,-1.9481,1.1418,-1.1544,257.4369,257.52
1.446,0.0518,0.0032,1.1008,0.1263,-0.0940,-0.1866,0.1603,-0.0286,257.3507,0.1652,-2.6919,1.1052,-1.2177,257.4439,257.52
1.466,0.0537,0.0095,1.1038,-0.1714,0.3411,-0.1713,0.1569,-0.0217,257.3542,0.4942,-2.7858,1.0775,-1.2739,257.4503,257.52
1.486,0.0530,0.0120,1.1262,0.1950,0.4938,-0.2553,0.1608,-0.0119,257.3593,0.6086,-2.6931,1.0624,-1.3212,257.4689,257.79
1.506,0.0325,-0.0054,1.1536,-1.5531,0.1884,-0.2019,0.1297,-0.0081,257.3633,-0.2668,-1.6123,0.9795,-1.3292,257.4873,257.83
1.526,0.0183,0.0337,1.1448,0.6530,-0.0177,-0.0492,0.1428,-0.0085,257.3643,1.6858,-0.9160,1.0203,-1.3130,257.5022,257.84
1.546,0.0039,0.0293,1.1726,0.4088,-0.1246,0.1569,0.1510,-0.0109,257.3612,1.4312,-0.1908,1.0445,-1.2705,257.5073,257.70
1.566,-0.0032,0.0366,1.1555,0.4775,-0.4452,0.3477,0.1605,-0.0198,257.3542,1.8152,0.1573,1.0845,-1.2220,257.5077,257.68
1.587,0.0051,0.0400,1.0815,0.0653,0.3258,-0.4233,0.1618,-0.0133,257.3627,2.1201,-0.2714,1.1272,-1.1777,257.5228,257.68
1.607,0.0015,0.0435,1.1045,-0.0569,-0.3001,0.2714,0.1607,-0.0193,257.3572,2.2532,-0.0759,1.1712,-1.1394,257.5239,257.68
1.627,0.0320,0.0332,1.0723,-0.1866,-0.0558,2.0729,0.1570,-0.0204,257.3158,1.7736,-1.7076,1.1917,-1.1632,257.4948,257.79
1.647,0.0566,0.0159,1.0876,-0.2248,0.2571,-0.2630,0.1525,-0.0153,257.3210,0.8359,-2.9807,1.1731,-1.2310,257.5123,257.81
1.667,0.0361,-0.0042,1.1025,-0.1103,0.5167,-0.2477,0.1503,-0.0050,257.3260,-0.2157,-1.8770,1.1155,-1.2469,257.5289,257.81
1.687,0.0562,0.0083,1.1174,0.3477,0.3335,-0.2706,0.1572,0.0017,257.3314,0.4256,-2.8767,1.0945,-1.3057,257.5506,257.94
1.707,0.0159,0.0383,1.1465,0.6072,1.3411,-1.5836,0.1694,0.0285,257.3631,1.9148,-0.7926,1.1390,-1.2594,257.5976,257.96
1.727,-0.0017,0.0229,1.1169,2.0805,-0.3307,0.4241,0.2110,0.0219,257.3546,1.1771,0.0876,1.1805,-1.2119,257.6042,257.97
1.747,-0.0088,0.0386,1.1443,0.4851,-0.3688,2.1645,0.2207,0.0145,257.3113,1.9307,0.4398,1.2198,-1.1529,257.5771,257.97
1.767,0.0059,0.0554,1.1121,2.2485,-0.3917,0.3172,0.2656,0.0067,257.3050,2.8530,-0.3015,1.3283,-1.1263,257.5866,257.97
1.787,0.0063,0.0352,1.1077,-0.1332,1.3793,0.4851,0.2630,0.0343,257.2953,1.8179,-0.3282,1.3453,-1.0679,257.5925,257.97
1.807,0.0229,0.0352,1.0706,-0.0111,-0.1780,2.1874,0.2627,0.0307,257.2515,1.8809,-1.2274,1.3665,-1.0777,257.5654,257.97
1.828,0.0459,0.0249,1.0645,-0.3775,0.0205,-0.0263,0.2552,0.0311,257.2520,1.3402,-2.4683,1.3582,-1.1330,257.5820,257.97
1.848,0.0557,0.0022,1.0991,-0.1179,0.3640,-0.1790,0.2528,0.0384,257.2556,0.1145,-2.8992,1.3062,-1.1966,257.6008,257.97
1.868,0.0613,-0.0037,1.1423,0.4164,-0.3612,-1.6752,0.2612,0.0312,257.2891,-0.1837,-3.0706,1.2546,-1.2785,257.6403,257.78
1.888,0.0525,0.0159,1.1152,0.3553,0.3411,-0.2401,0.2683,0.0380,257.2939,0.8152,-2.6945,1.2439,-1.3286,257.6506,257.78
1.908,0.0156,-0.0037,1.1541,0.7447,0.0816,-0.2706,0.2832,0.0396,257.2993,-0.1818,-0.7757,1.2011,-1.3049,257.6599,257.76
1.928,0.0239,0.0176,1.1541,0.6454,-0.0024,-0.0492,0.2961,0.0396,257.3003,0.8726,-1.1875,1.2004,-1.3003,257.6645,257.75
1.948,0.0103,0.0210,1.1575,0.1034,-0.1398,0.2409,0.2981,0.0368,257.2955,1.0392,-0.5075,1.1959,-1.2712,257.6493,257.40
1.968,-0.0132,0.0442,1.1738,0.4851,-0.4070,-1.5836,0.3078,0.0287,257.3272,2.1559,0.6430,1.2436,-1.2025,257.6675,257.34
1.988,-0.0002,0.0537,1.1404,0.1187,-0.3765,0.4699,0.3102,0.0211,257.3178,2.6966,0.0123,1.3040,-1.1611,257.6452,257.34
2.008,0.0183,0.0078,1.0986,-0.2019,0.2953,-0.0339,0.3062,0.0270,257.3185,0.4074,-0.9548,1.2643,-1.1472,257.6379,257.45
2.028,0.0107,0.0242,1.1052,-0.0874,0.1426,-0.3546,0.3044,0.0299,257.3255,1.2528,-0.5567,1.2622,-1.1208,257.6370,257.45
2.048,0.0352,0.0396,1.0801,-0.1637,0.2953,0.1416,0.3012,0.0358,257.3227,2.0971,-1.8631,1.2924,-1.1449,257.6273,257.46
2.068,0.0615,0.0212,1.0828,-0.1561,0.1503,-0.1484,0.2980,0.0388,257.3257,1.1238,-3.2515,1.2827,-1.2262,257.6236,257.46
2.088,0.0544,0.0105,1.1216,0.2714,0.3793,-0.3088,0.3035,0.0464,257.3319,0.5363,-2.7789,1.2580,-1.2811,257.6359,257.78
2.108,0.0286,-0.0061,1.0967,-1.5378,0.1961,-0.2553,0.2727,0.0503,257.3370,-0.3189,-1.4920,1.1654,-1.2857,257.6486,257.83
2.129,0.0215,0.0291,1.1360,0.7752,-0.0558,-0.1484,0.2882,0.0492,257.3399,1.4650,-1.0831,1.1923,-1.2787,257.6590,257.84
2.149,0.0112,0.0442,1.1377,2.2637,-0.5444,0.2714,0.3335,0.0383,257.3345,2.2243,-0.5651,1.2770,-1.2606,257.6395,257.30
2.169,-0.0090,0.0330,1.1770,2.2179,-0.2620,0.3248,0.3778,0.0331,257.3280,1.6040,0.4396,1.3327,-1.1976,257.6197,257.30
2.189,0.0068,0.0481,1.1240,0.4240,-0.3994,0.4164,0.3863,0.0251,257.3197,2.4501,-0.3481,1.3855,-1.1713,257.5957,257.22
2.209,0.0081,0.0398,1.1223,-0.1256,-0.3612,0.2867,0.3838,0.0178,257.3139,2.0307,-0.4110,1.4089,-1.1479,257.5746,257.21
2.229,0.0217,0.0381,1.0940,-0.1027,-0.0635,0.4699,0.3818,0.0166,257.3045,1.9939,-1.1371,1.4304,-1.1486,257.5509,257.21
2.249,0.0396,0.0347,1.0764,-0.2248,0.2037,2.0653,0.3773,0.0207,257.2632,1.8447,-2.1032,1.4426,-1.1829,257.4974,257.21
2.269,0.0369,0.0115,1.0952,-0.3622,0.1884,-0.0721,0.3700,0.0244,257.2647,0.6003,-1.9278,1.4020,-1.2091,257.4871,257.21
2.289,0.0469,-0.0068,1.1479,-1.5225,0.2266,-0.5072,0.3396,0.0290,257.2748,-0.3412,-2.3383,1.3030,-1.2499,257.5061,257.72
2.309,0.0469,0.0151,1.1372,-1.4691,-0.3307,0.2638,0.3102,0.0223,257.2695,0.7626,-2.3602,1.2532,-1.3007,257.5126,257.80
2.329,0.0430,-0.0059,1.1511,-1.5454,0.0587,-0.2782,0.2793,0.0235,257.2751,-0.2916,-2.1377,1.1617,-1.3330,257.5293,257.80
2.349,0.0234,0.0271,1.1448,0.5920,-0.1017,0.0348,0.2911,0.0215,257.2744,1.3561,-1.1725,1.1809,-1.3286,257.5183,257.27
2.369,0.0149,0.0249,1.1548,0.5080,-0.4146,0.1416,0.3013,0.0132,257.2716,1.2354,-0.7387,1.1928,-1.3129,257.5025,257.19
2.389,-0.0007,0.0173,1.1716,-1.5149,-0.4070,-1.6752,0.2710,0.0050,257.3051,0.8476,0.0358,1.1499,-1.2668,257.5217,257.18
2.409,-0.0120,0.0410,1.1372,0.0576,-2.4299,0.4699,0.2721,-0.0436,257.2957,2.0656,0.6023,1.1876,-1.2387,257.5141,257.56
2.430,0.0293,0.0393,1.0747,-0.1714,-0.1093,2.2027,0.2687,-0.0457,257.2516,2.0946,-1.5605,1.2206,-1.2536,257.4757,257.61
2.450,0.0508,0.0190,1.0688,-1.4767,0.0968,-0.1637,0.2392,-0.0438,257.2549,1.0207,-2.7197,1.1843,-1.3104,257.4846,257.62
2.470,0.0469,0.0457,1.0701,-0.4920,0.2342,0.0119,0.2293,-0.0391,257.2547,2.4430,-2.5060,1.2252,-1.3538,257.4899,257.62
2.490,0.0579,0.0098,1.0828,-0.0187,0.2953,-0.3240,0.2290,-0.0332,257.2612,0.5167,-3.0588,1.1965,-1.4163,257.5087,257.81
2.510,0.0500,0.0071,1.1057,0.0805,0.4556,-0.3469,0.2306,-0.0241,257.2681,0.3669,-2.5916,1.1648,-1.4545,257.5284,257.83
2.530,0.0254,-0.0029,1.0940,-1.3775,0.1350,-0.1484,0.2030,-0.0214,257.2711,-0.1534,-1.3295,1.0857,-1.4470,257.5436,257.84
2.550,0.0183,0.0342,1.1460,0.6225,-0.0711,-0.2095,0.2155,-0.0228,257.2753,1.7084,-0.9150,1.1225,-1.4270,257.5379,257.30
2.570,-0.0095,0.0281,1.1670,2.2485,-0.1933,-0.0110,0.2604,-0.0267,257.2755,1.3782,0.4673,1.1759,-1.3550,257.5254,257.22
2.590,-0.0073,0.0322,1.0669,-0.4233,0.1350,-0.0034,0.2520,-0.0240,257.2755,1.7301,0.3931,1.1900,-1.2825,257.5128,257.21
2.610,0.0012,0.0488,1.1279,2.2714,-2.4452,0.2867,0.2974,-0.0729,257.2698,2.4788,-0.0620,1.2851,-1.2806,257.4951,257.21
2.630,0.0024,0.0422,1.1082,-0.0416,-0.2849,0.4012,0.2966,-0.0786,257.2618,2.1827,-0.1261,1.3202,-1.2399,257.4856,257.45
2.650,0.0229,0.0273,1.0835,0.0195,-0.2238,0.1111,0.2970,-0.0831,257.2596,1.4456,-1.2130,1.3256,-1.2431,257.4835,257.49
2.670,0.0518,0.0293,1.0759,-0.3088,0.1961,0.0577,0.2908,-0.0791,257.2584,1.5597,-2.7531,1.3291,-1.2997,257.4828,257.49
2.690,0.0391,0.0059,1.1016,-0.3317,0.3182,0.0348,0.2841,-0.0728,257.2577,0.3048,-2.0309,1.2817,-1.3229,257.4879,257.63
2.710,0.0547,0.0073,1.1096,0.1492,0.4098,-0.2630,0.2871,-0.0646,257.2630,0.3782,-2.8215,1.2484,-1.3749,257.4993,257.65
2.730,0.0540,0.0151,1.1550,0.6759,0.0205,-0.2477,0.3007,-0.0642,257.2679,0.7508,-2.6743,1.2415,-1.4265,257.5102,257.65
2.751,0.0415,-0.0127,1.1450,0.2714,-0.0253,0.3248,0.3061,-0.0647,257.2614,-0.6352,-2.0758,1.1717,-1.4530,257.4998,257.41
2.771,0.0251,0.0186,1.1558,0.6072,-0.1093,0.0958,0.3182,-0.0669,257.2595,0.9198,-1.2463,1.1732,-1.4468,257.4943,257.41
2.791,0.0132,0.0273,1.1655,0.5767,-0.3917,-1.6675,0.3298,-0.0747,257.2929,1.3439,-0.6479,1.1911,-1.4224,257.5213,257.37
2.811,-0.0042,0.0322,1.1589,0.5156,-0.4528,-1.6370,0.3401,-0.0838,257.3256,1.5928,0.2051,1.2171,-1.3660,257.5465,257.36
2.831,0.0129,0.0620,1.1389,-0.2859,-0.3154,2.1722,0.3344,-0.0901,257.2822,3.1166,-0.6500,1.2876,-1.3434,257.5000,257.43
2.851,0.0359,0.0317,1.1228,0.0576,-0.3688,2.1264,0.3355,-0.0974,257.2396,1.6191,-1.8300,1.3020,-1.3699,257.4565,257.43
2.871,0.0471,0.0063,1.1038,0.1798,0.4022,-0.4614,0.3391,-0.0894,257.2489,0.3295,-2.4444,1.2665,-1.4052,257.4646,257.44
2.891,0.0454,0.0029,1.0769,-0.3393,0.4327,-0.3164,0.3323,-0.0807,257.2552,0.1559,-2.4146,1.2156,-1.4373,257.4695,257.44
2.911,0.0608,0.0071,1.0806,-0.0187,0.2648,-0.1713,0.3319,-0.0754,257.2586,0.3754,-3.2199,1.1816,-1.5035,257.4715,257.44
2.931,0.0518,0.0088,1.1287,0.2332,0.4556,-0.3698,0.3366,-0.0663,257.2660,0.4462,-2.6255,1.1567,-1.5396,257.4771,257.44
2.951,0.0288,0.0054,1.1628,-1.4767,0.1045,-0.3775,0.3071,-0.0642,257.2736,0.2646,-1.4192,1.0926,-1.5328,257.4740,257.22
2.971,0.0183,0.0310,1.1462,0.7370,0.1121,-0.1637,0.3218,-0.0620,257.2768,1.5495,-0.9149,1.1251,-1.5059,257.4655,257.18
2.991,0.0046,0.0291,1.1716,2.2714,-0.0635,0.0424,0.3672,-0.0633,257.2760,1.4205,-0.2268,1.1805,-1.4560,257.4532,257.18
3.011,-0.0112,0.0552,1.1194,0.0729,-0.3917,2.2103,0.3687,-0.0711,257.2318,2.8219,0.5741,1.2475,-1.3823,257.4105,257.45
3.032,-0.0037,0.0566,1.1377,-0.2706,0.2266,-0.2324,0.3633,-0.0666,257.2364,2.8501,0.1842,1.3065,-1.3153,257.4180,257.49
3.053,0.0420,0.0005,1.1074,-0.1637,0.2419,-0.3240,0.3600,-0.0617,257.2429,0.0253,-2.1716,1.2521,-1.3449,257.4269,257.49
3.073,0.0596,0.0137,1.1108,0.2866,0.3793,-0.0721,0.3657,-0.0542,257.2444,0.7051,-3.0694,1.2357,-1.4066,257.4309,257.49
3.093,0.0530,0.0059,1.1331,0.1492,0.4632,-0.2401,0.3687,-0.0449,257.2492,0.2963,-2.6770,1.2010,-1.4485,257.4434,257.63
3.113,0.0261,-0.0051,1.1494,0.5614,0.1121,-0.1790,0.3800,-0.0426,257.2527,-0.2556,-1.3019,1.1535,-1.4405,257.4550,257.65
3.134,0.0161,0.0200,1.1479,0.6378,0.0129,-0.0645,0.3927,-0.0424,257.2540,0.9991,-0.8041,1.1596,-1.4148,257.4641,257.65
3.154,0.0098,0.0320,1.1719,0.4088,-0.3154,-1.6446,0.4009,-0.0487,257.2869,1.5633,-0.4773,1.1836,-1.3833,257.4915,257.36
3.174,-0.0085,0.0505,1.0715,-0.2859,0.3716,-0.0263,0.3952,-0.0413,257.2874,2.7003,0.4564,1.2387,-1.3026,257.4849,257.31
3.194,-0.0066,0.0410,1.1301,2.3095,-0.4910,0.3706,0.4414,-0.0511,257.2800,2.0785,0.3340,1.3167,-1.2466,257.4710,257.31
3.214,0.0122,0.0366,1.1111,-0.1561,-0.4146,0.3859,0.4382,-0.0594,257.2723,1.8878,-0.6291,1.3365,-1.2298,257.4571,257.31
3.234,0.0183,0.0410,1.1011,-0.0187,-0.2849,0.2180,0.4379,-0.0651,257.2680,2.1333,-0.9521,1.3680,-1.2242,257.4532,257.47
3.254,0.0374,0.0315,1.0696,-0.4309,0.2342,0.0577,0.4292,-0.0604,257.2668,1.6866,-1.9993,1.3725,-1.2507,257.4536,257.49
3.274,0.0581,0.0005,1.0935,-0.0798,0.1274,-0.2477,0.4276,-0.0578,257.2718,0.0256,-3.0417,1.3171,-1.3199,257.4599,257.49
3.294,0.0483,-0.0076,1.1003,0.0653,0.3106,-0.1713,0.4290,-0.0516,257.2752,-0.3941,-2.5154,1.2499,-1.3618,257.4645,257.49
3.314,0.0166,0.0356,1.1492,0.5233,-0.1017,-0.1103,0.4394,-0.0537,257.2774,1.7766,-0.8273,1.2810,-1.3423,257.4678,257.49
3.334,0.0183,0.0149,1.1497,0.4011,-0.5673,0.3554,0.4474,-0.0650,257.2703,0.7422,-0.9124,1.2672,-1.3360,257.4620,257.49
3.354,-0.0054,0.0149,1.1521,0.6225,-0.0177,-0.1026,0.4599,-0.0654,257.2723,0.7406,0.2671,1.2581,-1.2722,257.4653,257.49
3.374,-0.0112,0.0325,1.1555,0.1416,-0.4681,0.0424,0.4627,-0.0747,257.2715,1.6096,0.5566,1.2748,-1.2081,257.4656,257.49
3.394,-0.0010,0.0496,1.1646,0.3477,-0.3688,-1.6828,0.4697,-0.0821,257.3051,2.4369,0.0480,1.3280,-1.1649,257.4990,257.49
3.414,0.0042,0.0383,1.1533,0.0729,-0.4299,0.3554,0.4711,-0.0907,257.2980,1.9035,-0.2061,1.3524,-1.1348,257.5081,257.90
3.435,0.0183,0.0352,1.0811,-0.1256,-0.2696,0.1569,0.4686,-0.0961,257.2949,1.8626,-0.9699,1.3704,-1.1334,257.5230,257.96
3.455,0.0620,0.0081,1.0955,0.0729,0.2724,-0.1026,0.4701,-0.0906,257.2969,0.4214,-3.2399,1.3338,-1.2124,257.5426,257.97
3.475,0.0591,0.0154,1.1218,0.5080,-0.3536,0.3096,0.4802,-0.0977,257.2908,0.7855,-3.0145,1.3217,-1.2913,257.5400,257.62
3.495,0.0532,0.0081,1.1016,0.2637,0.3869,-0.2019,0.4855,-0.0900,257.2948,0.4190,-2.7661,1.2906,-1.3429,257.5472,257.62
3.515,0.0537,0.0066,1.1147,0.2027,0.3258,-0.2095,0.4896,-0.0835,257.2990,0.3388,-2.7585,1.2564,-1.3932,257.5523,257.57
3.535,0.0417,0.0068,1.1621,-1.3775,0.0663,-0.2553,0.4620,-0.0821,257.3041,0.3370,-2.0574,1.1932,-1.4185,257.5577,257.57
3.555,0.0232,0.0276,1.1438,0.5843,-0.0329,0.0577,0.4737,-0.0828,257.3029,1.3817,-1.1613,1.2120,-1.4089,257.5545,257.50
3.575,0.0127,0.0442,1.1589,0.6454,-0.3688,-1.6446,0.4866,-0.0902,257.3358,2.1836,-0.6272,1.2632,-1.3847,257.5837,257.50
3.595,-0.0002,0.0527,1.1121,0.0195,-0.3001,0.2332,0.4870,-0.0962,257.3312,2.7150,0.0126,1.3217,-1.3345,257.5756,257.49
3.615,-0.0042,0.0522,1.0994,-0.2630,0.3793,-0.1866,0.4817,-0.0886,257.3349,2.7209,0.2161,1.3726,-1.2652,257.5857,257.74
3.635,0.0120,0.0510,1.0977,-0.0645,-0.4452,2.2103,0.4805,-0.0975,257.2907,2.6615,-0.6237,1.4229,-1.2481,257.5493,257.74
3.655,0.0464,0.0225,1.0991,-0.1408,-0.1475,2.1569,0.4776,-0.1004,257.2476,1.1707,-2.4161,1.4101,-1.2977,257.5168,257.77
3.675,0.0435,0.0464,1.0728,-0.4004,0.2953,-0.2019,0.4696,-0.0945,257.2516,2.4760,-2.3176,1.4451,-1.3328,257.5312,257.78
3.696,0.0471,-0.0063,1.1599,2.0882,-0.3078,0.0424,0.5114,-0.1007,257.2507,-0.3135,-2.3262,1.4148,-1.3785,257.5369,257.70
3.716,0.0278,0.0247,1.1135,-0.1179,0.1350,-0.3011,0.5090,-0.0980,257.2568,1.2686,-1.4314,1.4067,-1.3780,257.5485,257.68
3.736,0.0259,0.0322,1.1467,1.8439,0.4632,-0.0110,0.5459,-0.0887,257.2570,1.6098,-1.2923,1.4502,-1.3657,257.5541,257.68
3.756,0.0203,0.0208,1.1143,-0.3775,0.4632,-0.1713,0.5384,-0.0795,257.2604,1.0670,-1.0417,1.4276,-1.3438,257.5624,257.68
3.776,-0.0090,0.0466,1.0669,0.3019,0.0663,0.2485,0.5444,-0.0781,257.2554,2.5026,0.4846,1.4764,-1.2694,257.5624,257.68
3.796,-0.0115,-0.0029,1.1760,-0.1943,0.4556,-0.1561,0.5405,-0.0690,257.2586,-0.1427,0.5590,1.4079,-1.1875,257.5701,257.68
3.816,0.0032,0.0278,1.1062,-1.2172,-0.2009,-1.6752,0.5162,-0.0730,257.2921,1.4413,-0.1643,1.3859,-1.1504,257.6067,257.68
3.836,0.0095,0.0371,1.0945,-1.1103,-0.5597,-1.5454,0.4940,-0.0842,257.3230,1.9419,-0.4981,1.3868,-1.1351,257.6394,257.68
3.856,0.0459,0.0295,1.1218,-0.1637,0.4022,-0.1790,0.4907,-0.0762,257.3266,1.5084,-2.3421,1.3886,-1.1757,257.6444,257.68
3.876,0.0376,0.0046,1.1418,2.0271,0.3335,-1.6294,0.5312,-0.0695,257.3591,0.2328,-1.8859,1.3812,-1.1977,257.6772,257.68
3.896,0.0542,0.0142,1.1433,0.6530,-0.3841,0.3401,0.5443,-0.0772,257.3523,0.7096,-2.7139,1.3669,-1.2657,257.6718,257.71
3.916,0.0435,0.0408,1.1179,-0.0569,0.4861,-0.2859,0.5432,-0.0675,257.3581,2.0887,-2.2247,1.3947,-1.2947,257.6788,257.71
3.937,0.0190,0.0276,1.1572,0.2485,-0.5444,0.2867,0.5481,-0.0784,257.3523,1.3657,-0.9425,1.3983,-1.2911,257.6746,257.71
3.957,-0.0017,0.0203,1.1270,-0.0874,0.2953,-0.3317,0.5464,-0.0725,257.3590,1.0301,0.0869,1.3819,-1.2303,257.6823,257.71
3.977,-0.0120,0.0374,1.1189,-0.3851,0.4251,-0.2782,0.5387,-0.0640,257.3645,1.9121,0.6122,1.3957,-1.1484,257.6888,257.71
3.997,0.0117,0.0144,1.1201,-1.5836,-0.1551,-1.6065,0.5070,-0.0671,257.3967,0.7368,-0.5994,1.3389,-1.1294,257.7205,257.71
4.017,0.0000,0.0327,1.0994,0.3935,-0.3612,1.7370,0.5149,-0.0743,257.3619,1.7045,-0.0000,1.3611,-1.0912,257.6867,257.71
4.037,0.0293,-0.0024,1.1401,0.4469,-0.3383,1.7599,0.5238,-0.0811,257.3267,-0.1227,-1.4719,1.3104,-1.1129,257.6539,257.71
4.057,0.0569,0.0317,1.1133,1.9813,0.4098,0.1798,0.5634,-0.0729,257.3231,1.6330,-2.9239,1.3613,-1.1775,257.6527,257.71
4.080,-0.0120,0.0554,1.1104,2.0118,0.1808,0.0653,0.6037,-0.0692,257.3218,2.8574,0.6165,1.4598,-1.1023,257.6537,257.71
4.101,0.0466,0.0352,1.1448,2.0805,0.0510,-0.3698,0.6453,-0.0682,257.3292,1.7590,-2.3315,1.5117,-1.1504,257.6587,257.60
4.122,0.0557,0.0225,1.1113,0.3630,-0.5597,0.3401,0.6525,-0.0794,257.3224,1.1578,-2.8668,1.5045,-1.2298,257.6492,257.58
4.142,0.0542,-0.0156,1.1479,0.3706,-0.1780,-0.2095,0.6600,-0.0830,257.3266,-0.7798,-2.7029,1.4202,-1.2922,257.6506,257.58
4.162,0.0427,0.0374,1.1716,-0.1027,0.3106,-0.2782,0.6579,-0.0768,257.3322,1.8261,-2.0874,1.4345,-1.3180,257.6575,257.69
4.182,0.0156,0.0278,1.1609,0.5309,-2.3307,0.2714,0.6685,-0.1234,257.3267,1.3734,-0.7709,1.4423,-1.3409,257.6543,257.71
4.202,0.0022,0.0422,1.1404,-0.1332,0.2495,0.0882,0.6659,-0.1184,257.3250,2.1211,-0.1103,1.4668,-1.2869,257.6548,257.71
4.222,-0.0090,0.0454,1.1179,-0.1714,0.4098,-0.1713,0.6624,-0.1102,257.3284,2.3261,0.4626,1.4979,-1.2090,257.6494,257.44
4.242,0.0220,0.0249,1.0994,-1.4462,-0.0253,0.2638,0.6335,-0.1107,257.3231,1.2976,-1.1447,1.4621,-1.2069,257.6344,257.40
4.262,0.0095,0.0007,1.1267,-0.0645,0.4938,-0.3164,0.6322,-0.1008,257.3294,0.0372,-0.4842,1.4039,-1.1686,257.6308,257.39
4.282,0.0327,0.0085,1.1240,-1.2782,-0.3536,0.4317,0.6067,-0.1079,257.3208,0.4356,-1.6671,1.3406,-1.1953,257.6131,257.39
4.302,0.0420,0.0139,1.1553,0.5920,-0.2849,2.0271,0.6185,-0.1136,257.2803,0.6901,-2.0815,1.3260,-1.2362,257.5653,257.39
4.323,0.0325,0.0332,1.0830,-1.5073,-0.0711,0.2561,0.5883,-0.1150,257.2751,1.7560,-1.7165,1.3142,-1.2568,257.5535,257.39
4.343,0.0259,0.0234,1.1211,0.2256,-0.4604,-0.1866,0.5929,-0.1242,257.2789,1.1976,-1.3221,1.3139,-1.2682,257.5668,257.80
4.363,0.0076,0.0374,1.1130,-0.3317,0.3487,-0.4004,0.5862,-0.1172,257.2869,1.9221,-0.3894,1.3319,-1.2264,257.5838,257.80
4.383,0.0120,0.0056,1.1501,2.2866,-0.3307,2.0271,0.6320,-0.1239,257.2463,0.2797,-0.5959,1.3337,-1.2075,257.5558,257.86
4.403,0.0142,0.0354,1.0854,-1.2477,-0.3536,-0.3240,0.6070,-0.1309,257.2528,1.8680,-0.7470,1.3311,-1.1959,257.5745,257.87
4.423,0.0137,0.0159,1.0493,-1.4920,-0.0329,0.1798,0.5772,-0.1316,257.2492,0.8664,-0.7464,1.2839,-1.1785,257.5828,257.87
4.443,0.0168,0.0100,1.1140,0.7828,-0.4299,-1.6523,0.5928,-0.1402,257.2823,0.5148,-0.8663,1.2681,-1.1743,257.6259,257.87
4.463,0.0601,-0.0022,1.1343,-1.4538,0.0205,-1.6217,0.5637,-0.1398,257.3147,-0.1110,-3.0309,1.1851,-1.2482,257.6668,257.87
4.483,0.0620,-0.0134,1.1414,0.4851,-2.4833,0.3630,0.5734,-0.1894,257.3074,-0.6740,-3.1097,1.1200,-1.3703,257.6679,257.87
4.503,0.0522,0.0300,1.1709,-0.1103,0.2571,-0.3317,0.5712,-0.1843,257.3141,1.4691,-2.5540,1.1319,-1.4127,257.6617,257.35
4.524,0.0000,0.0410,1.1475,-0.0034,0.2800,-0.2706,0.5712,-0.1787,257.3195,2.0471,-0.0000,1.1684,-1.3508,257.6514,257.28
4.544,0.0037,0.0276,1.1179,-0.3011,0.3487,-0.3011,0.5651,-0.1717,257.3255,1.4137,-0.1876,1.1724,-1.2976,257.6422,257.28
4.564,0.0054,0.0579,1.1047,-1.5454,-0.1017,0.1264,0.5342,-0.1738,257.3230,2.9982,-0.2782,1.2158,-1.2588,257.6389,257.62
4.584,0.0073,0.0125,1.1597,-0.1790,0.2648,-0.2782,0.5307,-0.1685,257.3286,0.6152,-0.3618,1.1883,-1.2178,257.6455,257.67
4.604,0.0315,0.0344,1.1204,0.1340,-0.0482,0.2027,0.5333,-0.1694,257.3245,1.7599,-1.6094,1.2138,-1.2344,257.6427,257.67
4.624,0.0613,0.0308,1.0947,0.6607,-0.1322,0.2332,0.5466,-0.1721,257.3198,1.6096,-3.2026,1.2423,-1.3157,257.6343,257.54
4.644,0.0557,0.0046,1.1489,2.3095,-0.5062,0.3248,0.5927,-0.1822,257.3133,0.2313,-2.7737,1.2462,-1.3837,257.6237,257.53
4.664,0.0571,0.0242,1.0640,-1.5531,-0.0864,-0.0034,0.5617,-0.1839,257.3134,1.3014,-3.0727,1.2186,-1.4529,257.6197,257.52
4.684,0.0291,0.0371,1.1472,2.2256,-2.4070,1.6989,0.6062,-0.2321,257.2794,1.8527,-1.4499,1.2867,-1.4990,257.5833,257.52
4.704,0.0024,0.0374,1.1235,-0.2706,0.4709,-0.1103,0.6008,-0.2226,257.2816,1.9042,-0.1244,1.3062,-1.4350,257.5731,257.28
4.724,-0.0115,0.0435,1.0852,-1.3928,-0.1322,-1.6294,0.5729,-0.2253,257.3142,2.2932,0.6053,1.3189,-1.3559,257.5911,257.24
4.744,-0.0027,0.0425,1.1287,-0.4157,0.3182,-1.5454,0.5646,-0.2189,257.3451,2.1555,0.1362,1.3444,-1.2901,257.6281,257.77
4.765,0.0051,0.0332,1.1072,-1.5073,-0.4833,-1.6599,0.5345,-0.2286,257.3783,1.7177,-0.2652,1.3304,-1.2584,257.6658,257.77
4.785,0.0486,0.0317,1.1272,-0.1790,0.2724,-0.4385,0.5309,-0.2231,257.3871,1.6128,-2.4670,1.3382,-1.3015,257.6818,257.85
4.805,0.0371,0.0127,1.1521,-0.0874,1.3106,2.0806,0.5291,-0.1969,257.3455,0.6313,-1.8448,1.3083,-1.2981,257.6493,257.87
4.825,0.0576,0.0127,1.1873,2.1111,0.2953,-0.1713,0.5714,-0.1910,257.3489,0.6126,-2.7782,1.3210,-1.3516,257.6612,257.87
4.845,0.0093,0.0466,1.0627,0.3630,0.0052,0.2180,0.5786,-0.1909,257.3446,2.5124,-0.4997,1.3756,-1.3175,257.6654,257.87
4.865,0.0256,0.0273,1.0776,2.2561,0.4022,-0.1484,0.6237,-0.1829,257.3475,1.4535,-1.3623,1.4221,-1.3115,257.6763,257.87
4.885,-0.0103,0.0515,1.1057,-0.1790,0.2113,-0.0034,0.6202,-0.1787,257.3476,2.6674,0.5307,1.4684,-1.2338,257.6841,257.87
4.905,0.0063,0.0300,1.0779,0.3095,0.1350,0.1569,0.6264,-0.1760,257.3445,1.5958,-0.3373,1.4795,-1.1953,257.6885,257.87
4.925,0.0095,0.0010,1.1633,-0.0645,0.1884,-0.1255,0.6251,-0.1722,257.3470,0.0481,-0.4689,1.4210,-1.1627,257.6981,257.87
4.945,0.0222,0.0088,1.0920,-1.4080,-0.1246,-1.6828,0.5969,-0.1747,257.3806,0.4611,-1.1654,1.3556,-1.1652,257.7372,257.87
4.965,0.0574,0.0144,1.1443,0.5156,-0.4146,0.5233,0.6072,-0.1830,257.3702,0.7212,-2.8701,1.3401,-1.2413,257.7368,257.98
4.985,0.0488,0.0249,1.1746,-0.0340,0.1121,-0.1255,0.6065,-0.1807,257.3727,1.2146,-2.3800,1.3344,-1.2847,257.7495,257.99
5.006,0.0566,0.0012,1.1035,0.4011,0.0663,-0.4004,0.6146,-0.1794,257.3807,0.0634,-2.9383,1.2913,-1.3496,257.7671,258.00
5.026,0.0461,0.0381,1.1357,-0.1866,0.2800,-0.2782,0.6108,-0.1738,257.3862,1.9206,-2.3252,1.3129,-1.3832,257.7816,258.00
5.046,0.0200,0.0171,1.1243,-0.3699,0.3564,-0.1561,0.6034,-0.1667,257.3894,0.8709,-1.0200,1.2881,-1.3619,257.7932,258.00
5.066,-0.0068,0.0022,1.1448,0.0958,0.0587,0.0195,0.6053,-0.1655,257.3890,0.1100,0.3421,1.2428,-1.2926,257.8010,258.00
5.086,-0.0105,0.0352,1.0642,-1.5302,-0.2620,-1.6217,0.5747,-0.1707,257.4214,1.8921,0.5649,1.2394,-1.2233,257.8400,258.00
5.106,0.0259,0.0122,1.0957,0.6301,-0.4833,-1.6675,0.5873,-0.1804,257.4548,0.6383,-1.3529,1.2274,-1.2378,257.8783,258.00
5.126,0.0330,0.0405,1.0986,-0.0874,0.2800,-0.0492,0.5856,-0.1748,257.4557,2.1126,-1.7172,1.2612,-1.2516,257.8840,258.00
5.146,0.0579,-0.0066,1.1455,1.9508,0.2190,-1.6599,0.6246,-0.1704,257.4889,-0.3297,-2.8916,1.2350,-1.3130,257.9203,258.00
5.166,0.0620,0.0056,1.1619,1.9050,0.2113,-0.1790,0.6627,-0.1662,257.4925,0.2769,-3.0551,1.2332,-1.3786,257.9268,258.00
5.186,0.0073,0.0364,1.1492,0.4622,-0.3154,2.2027,0.6720,-0.1725,257.4485,1.8131,-0.3650,1.2653,-1.3441,257.8874,258.00
5.206,0.0205,0.0330,1.1184,-0.1866,-0.3612,2.0500,0.6682,-0.1797,257.4075,1.6880,-1.0500,1.2786,-1.3393,257.8524,258.00
5.227,-0.0020,0.0613,1.0891,0.0576,0.3258,0.0042,0.6694,-0.1732,257.4074,3.2204,0.1026,1.3574,-1.2753,257.8321,257.35
5.247,0.0081,-0.0156,1.1584,-0.1256,0.3564,-0.4004,0.6669,-0.1661,257.4154,-0.7728,-0.3984,1.2698,-1.2334,257.8166,257.25
5.267,0.0034,0.0359,1.1072,0.2179,0.2495,0.0271,0.6712,-0.1611,257.4148,1.8566,-0.1768,1.2974,-1.1864,257.7934,257.25
5.287,0.0271,0.0139,1.1074,2.2408,-0.4757,2.1874,0.7160,-0.1706,257.3711,0.7199,-1.4017,1.3174,-1.2041,257.7291,257.24
5.307,0.0471,0.0398,1.0979,-0.0569,0.1732,0.0348,0.7149,-0.1671,257.3704,2.0759,-2.4559,1.3466,-1.2509,257.7087,257.23
5.327,0.0549,0.0015,1.1379,1.9355,0.0434,-1.5607,0.7536,-0.1663,257.4016,0.0738,-2.7637,1.3329,-1.3105,257.7196,257.23
5.347,0.0728,0.0154,1.1602,1.9126,0.3029,-0.3622,0.7919,-0.1602,257.4089,0.7596,-3.5880,1.3467,-1.3958,257.7071,257.23
5.367,0.0090,0.0391,1.1355,0.4393,1.3335,0.3096,0.8006,-0.1336,257.4027,1.9703,-0.4555,1.3800,-1.3326,257.6823,257.23
5.387,-0.0073,0.0552,1.0679,-1.5836,-0.4757,-0.2171,0.7690,-0.1431,257.4070,2.9578,0.3924,1.4127,-1.2727,257.6685,257.23
5.407,-0.0027,0.0483,1.1067,0.1416,0.4785,-0.1484,0.7718,-0.1335,257.4100,2.5011,0.1389,1.4590,-1.2071,257.6539,257.23
5.427,0.0027,0.0029,1.1257,0.4393,-0.5520,0.1416,0.7806,-0.1445,257.4071,0.1491,-0.1367,1.4150,-1.1749,257.6442,257.48
5.447,0.0217,0.0103,1.1079,2.3019,0.5090,-0.1942,0.8266,-0.1344,257.4110,0.5303,-1.1235,1.4238,-1.1630,257.6428,257.52
5.468,0.0581,0.0208,1.1072,2.1950,1.2800,0.3783,0.8705,-0.1088,257.4035,1.0738,-3.0036,1.4520,-1.2121,257.6305,257.52
5.488,0.0479,0.0012,1.1345,-1.5760,-0.4223,-0.0034,0.8390,-0.1172,257.4035,0.0616,-2.4152,1.3661,-1.2683,257.6252,257.50
5.508,0.0620,0.0479,1.1221,2.1645,-0.3917,2.1951,0.8823,-0.1250,257.3596,2.4419,-3.1604,1.4507,-1.3515,257.5778,257.49
5.528,0.0369,0.0356,1.1304,-0.1637,0.3182,-0.1637,0.8790,-0.1187,257.3629,1.8061,-1.8670,1.4618,-1.3660,257.5776,257.49
5.548,0.0205,0.0264,1.0996,-0.3775,0.3106,-0.1561,0.8715,-0.1125,257.3660,1.3736,-1.0681,1.4510,-1.3482,257.5772,257.49
5.568,0.0002,0.0159,1.1663,0.3782,-0.2543,1.9279,0.8790,-0.1175,257.3275,0.7796,-0.0120,1.4314,-1.2996,257.5369,257.49
5.588,0.0081,0.0430,1.0757,0.3630,-2.0635,-0.2706,0.8863,-0.1588,257.3329,2.2875,-0.4288,1.4726,-1.3044,257.5404,257.49
5.608,0.0352,0.0554,1.0938,-1.4615,0.0129,-1.5530,0.8571,-0.1586,257.3639,2.9007,-1.8387,1.5017,-1.3255,257.5683,257.49
5.628,0.0457,0.0256,1.1572,1.9508,0.0663,1.8974,0.8961,-0.1572,257.3260,1.2690,-2.2587,1.5298,-1.3616,257.5245,257.38
5.648,0.0598,0.0000,1.1436,1.7905,0.0052,-1.5836,0.9319,-0.1571,257.3577,0.0000,-2.9942,1.5030,-1.4268,257.5486,257.37
5.668,0.0564,0.0254,1.1492,2.1340,-2.4146,-0.0110,0.9746,-0.2054,257.3579,1.2657,-2.8089,1.5345,-1.5284,257.5415,257.37
5.689,0.0220,0.0356,1.1609,-0.3241,0.2190,-0.2706,0.9681,-0.2010,257.3633,1.7587,-1.0838,1.5372,-1.5064,257.5450,257.50
5.709,0.0068,0.0464,1.1404,2.1340,-0.0100,-0.2553,1.0108,-0.2012,257.3684,2.3293,-0.3432,1.6099,-1.4601,257.5489,257.52
5.729,-0.0061,0.0352,1.0850,-1.5149,0.1808,0.2332,0.9805,-0.1976,257.3637,1.8559,0.3221,1.5906,-1.3853,257.5432,257.52
5.749,0.0134,0.0212,1.0923,-1.2324,-0.2620,-1.5454,0.9558,-0.2029,257.3946,1.1140,-0.7042,1.5479,-1.3631,257.5720,257.52
5.769,0.0034,0.0203,1.1150,-0.0721,0.3945,-0.3240,0.9544,-0.1950,257.4011,1.0412,-0.1756,1.5263,-1.3080,257.5763,257.52
5.789,0.0466,-0.0063,1.1143,2.1950,0.3182,-1.6217,0.9983,-0.1886,257.4336,-0.3264,-2.3963,1.4943,-1.3455,257.6052,257.52
5.809,0.0454,0.0142,1.1670,0.6149,-0.3612,0.0195,1.0106,-0.1958,257.4332,0.6952,-2.2282,1.4741,-1.3877,257.6016,257.52
5.829,0.0549,0.0520,1.0625,-1.4615,0.0205,0.2256,0.9814,-0.1954,257.4287,2.8020,-2.9560,1.4992,-1.4500,257.5950,257.55
5.849,0.0278,0.0176,1.1575,-0.2630,-0.1246,1.9584,0.9761,-0.1979,257.3895,0.8701,-1.3773,1.4690,-1.4495,257.5555,257.55
5.869,0.0078,0.0557,1.1267,-0.4080,0.5243,-0.0950,0.9679,-0.1874,257.3914,2.8283,-0.3968,1.5155,-1.3973,257.5572,257.55
5.889,-0.0054,-0.0051,1.1660,0.6149,-0.4070,2.0653,0.9802,-0.1956,257.3501,-0.2519,0.2639,1.4566,-1.3387,257.5099,257.37
5.910,0.0042,0.0474,1.0862,0.2179,-0.3688,1.9890,0.9846,-0.2029,257.3103,2.4968,-0.2187,1.5024,-1.3010,257.4661,257.37
5.930,0.0039,0.0378,1.0735,0.3324,0.0205,0.1416,0.9912,-0.2025,257.3075,2.0189,-0.2084,1.5295,-1.2569,257.4583,257.34
5.950,0.0471,-0.0085,1.1350,0.4393,1.3487,-1.5836,1.0000,-0.1756,257.3391,-0.4313,-2.3772,1.4595,-1.2758,257.4838,257.34
5.970,0.0574,0.0051,1.1062,-1.4767,0.0281,0.1493,0.9705,-0.1750,257.3362,0.2655,-2.9689,1.3834,-1.3430,257.4750,257.34
5.990,0.0547,0.0137,1.1423,0.4393,-0.3230,0.1264,0.9793,-0.1815,257.3336,0.6857,-2.7407,1.3639,-1.4051,257.4670,257.34
6.010,0.0576,0.0305,1.1592,-0.1790,0.3793,-0.3546,0.9757,-0.1739,257.3407,1.5081,-2.8446,1.3662,-1.4554,257.4686,257.34
6.030,-0.0002,0.0269,1.0703,-1.5836,-0.0558,-1.6599,0.9440,-0.1750,257.3739,1.4373,0.0131,1.3387,-1.3977,257.4926,257.27
6.050,0.0015,0.0432,1.0645,2.1340,0.3640,-0.3164,0.9867,-0.1677,257.3802,2.3247,-0.0788,1.4191,-1.3380,257.4895,257.26
6.070,-0.0105,0.0559,1.0703,0.1874,0.0739,-1.6370,0.9905,-0.1662,257.4130,2.9902,0.5612,1.4855,-1.2606,257.5119,257.26
6.090,0.0029,0.0212,1.0928,-1.4004,-0.3994,-1.6675,0.9624,-0.1742,257.4463,1.1135,-0.1536,1.4437,-1.2240,257.5418,257.46
6.110,0.0027,0.0027,1.1692,-0.0492,0.3411,-0.0492,0.9615,-0.1674,257.4473,0.1316,-0.1316,1.3903,-1.1737,257.5407,257.49
6.130,0.0247,-0.0068,1.1196,0.5004,-0.4452,0.3096,0.9715,-0.1763,257.4411,-0.3498,-1.2616,1.3303,-1.1858,257.5326,257.49
6.150,0.0525,0.0068,1.1455,0.4927,-0.4452,0.3859,0.9813,-0.1852,257.4334,0.3419,-2.6236,1.3002,-1.2519,257.5236,257.49
6.171,0.0332,0.0229,1.1589,-0.0111,0.0663,-0.1790,0.9811,-0.1839,257.4370,1.1344,-1.6407,1.2934,-1.2661,257.5332,257.68
6.191,0.0266,0.0254,1.0823,-1.3164,-0.2696,2.0577,0.9548,-0.1893,257.3958,1.3439,-1.4081,1.2701,-1.2770,257.5006,257.71
6.211,0.0032,0.0500,1.1169,-0.1485,0.4251,-0.2859,0.9518,-0.1808,257.4016,2.5656,-0.1626,1.3191,-1.2243,257.5143,257.71
6.231,-0.0073,0.0354,1.0657,0.3248,0.0205,0.0119,0.9583,-0.1804,257.4013,1.9026,0.3936,1.3487,-1.1592,257.4948,257.03
6.251,0.0088,-0.0046,1.1523,1.8973,0.3182,-0.3546,0.9962,-0.1740,257.4084,-0.2306,-0.4370,1.3219,-1.1242,257.4791,256.93
6.271,0.0146,0.0181,1.0964,-1.5378,0.1808,-0.1179,0.9655,-0.1704,257.4108,0.9440,-0.7653,1.2773,-1.1063,257.4595,256.93
6.291,0.0339,0.0144,1.1111,2.2485,-0.5062,2.0195,1.0105,-0.1805,257.3704,0.7428,-1.7493,1.2991,-1.1418,257.3991,256.92
6.311,0.0332,0.0166,1.1240,-0.0340,0.3945,-0.1790,1.0098,-0.1726,257.3740,0.8462,-1.6918,1.2803,-1.1562,257.3832,256.92
6.331,0.0403,0.0105,1.1533,1.8897,0.0358,-1.6370,1.0476,-0.1719,257.4067,0.5215,-2.0003,1.2862,-1.1893,257.3959,256.92
6.351,0.0554,0.0071,1.1614,-0.0263,0.2419,-0.2019,1.0470,-0.1671,257.4107,0.3493,-2.7320,1.2483,-1.2463,257.3805,256.91
6.371,0.0083,0.0359,1.1057,-1.4080,1.3564,0.3325,1.0189,-0.1399,257.4041,1.8590,-0.4299,1.2457,-1.1876,257.3555,256.91
6.391,0.0190,0.0464,1.1191,0.1111,-0.4833,1.7829,1.0211,-0.1496,257.3684,2.3735,-0.9740,1.2929,-1.1884,257.3037,256.91
6.412,-0.0098,0.0520,1.1016,-0.1866,0.4022,-0.1942,1.0174,-0.1416,257.3723,2.7028,0.5074,1.3457,-1.1128,257.2919,256.91
6.432,0.0120,-0.0076,1.1516,2.2790,-0.4528,0.4088,1.0630,-0.1506,257.3641,-0.3765,-0.5952,1.3206,-1.1008,257.2788,257.16
6.452,0.0283,0.0176,1.1013,2.2103,0.1808,-0.1179,1.1072,-0.1470,257.3665,0.9144,-1.4728,1.3468,-1.1122,257.2779,257.20
6.472,0.0591,0.0308,1.0950,0.7828,-0.4528,0.5462,1.1228,-0.1561,257.3556,1.6092,-3.0873,1.3723,-1.1999,257.2642,257.20
6.492,0.0549,0.0015,1.1472,0.4240,-0.5215,0.3096,1.1313,-0.1665,257.3494,0.0732,-2.7414,1.3285,-1.2716,257.2677,257.50
6.512,0.0498,0.0605,1.1440,2.2408,0.0892,-0.3088,1.1761,-0.1647,257.3556,3.0295,-2.4893,1.4395,-1.3186,257.2846,257.54
6.532,0.0181,0.0186,1.1492,-0.2630,0.3869,0.1951,1.1709,-0.1570,257.3517,0.9250,-0.9006,1.4139,-1.2944,257.2912,257.54
6.552,0.0024,0.0281,1.0994,0.2714,0.1350,0.0882,1.1763,-0.1543,257.3499,1.4629,-0.1272,1.4211,-1.2452,257.2999,257.55
6.572,0.0073,0.0090,1.1367,0.1721,-0.1704,-1.6217,1.1797,-0.1577,257.3823,0.4553,-0.3692,1.3858,-1.2134,257.3411,257.55
6.592,-0.0151,0.0339,1.1067,-1.3241,-0.4910,1.9126,1.1532,-0.1675,257.3441,1.7564,0.7832,1.3752,-1.1429,257.3128,257.55
6.612,0.0059,0.0364,1.0955,0.6836,-0.3307,-1.6446,1.1669,-0.1741,257.3770,1.9019,-0.3063,1.4094,-1.1158,257.3539,257.55
6.632,0.0291,-0.0144,1.1199,0.0347,0.0510,0.2103,1.1676,-0.1731,257.3728,-0.7369,-1.4860,1.3242,-1.1297,257.3578,257.55
6.653,0.0464,0.0100,1.1455,0.5843,-2.3917,1.7370,1.1793,-0.2209,257.3380,0.5007,-2.3188,1.3024,-1.2231,257.3322,257.55
6.673,0.0515,0.0066,1.1458,0.0347,-0.1322,-0.3927,1.1800,-0.2236,257.3459,0.3296,-2.5743,1.2642,-1.2797,257.3485,257.55
6.693,0.0256,0.0232,1.0713,-1.4004,-0.2085,-1.5454,1.1520,-0.2277,257.3768,1.2403,-1.3704,1.2364,-1.2874,257.3863,257.55
6.713,0.0081,0.0310,1.1411,0.0042,-0.4528,1.8821,1.1521,-0.2368,257.3391,1.5564,-0.4044,1.2492,-1.2607,257.3567,257.55
6.733,-0.0115,0.0510,1.1099,-0.1103,0.3793,0.0195,1.1499,-0.2292,257.3387,2.6323,0.5917,1.3024,-1.1794,257.3642,257.55
6.756,0.0388,0.0342,1.1223,-1.2706,-0.0253,0.2180,1.1245,-0.2297,257.3344,1.7444,-1.9800,1.2957,-1.2119,257.3675,257.55
6.776,0.0466,0.0225,1.1829,2.1721,0.3335,-1.6752,1.1679,-0.2230,257.3679,1.0878,-2.2571,1.3291,-1.2473,257.4070,257.55
6.796,0.0161,0.0347,1.1672,-0.1027,0.2800,-0.2935,1.1658,-0.2174,257.3738,1.7012,-0.7905,1.3420,-1.2236,257.4184,257.55
6.816,0.0105,0.0356,1.1431,2.2943,-0.3307,-0.0110,1.2117,-0.2241,257.3740,1.7861,-0.5259,1.4038,-1.2021,257.4239,257.55
6.836,-0.0129,0.0488,1.0918,-0.0416,-0.0482,2.0348,1.2109,-0.2250,257.3333,2.5607,0.6783,1.4493,-1.1278,257.3900,257.55
6.856,0.0090,0.0320,1.0842,0.2256,0.0281,0.1264,1.2154,-0.2245,257.3308,1.6896,-0.4771,1.4633,-1.1012,257.3940,257.55
6.876,0.0317,0.0330,1.1228,-0.3851,0.3640,-0.3469,1.2077,-0.2172,257.3377,1.6814,-1.6185,1.4646,-1.1149,257.4070,257.55
6.896,0.0176,0.0107,1.1213,-0.0034,-0.5673,1.8210,1.2076,-0.2285,257.3013,0.5489,-0.8981,1.4279,-1.1171,257.3778,257.55
6.916,0.0413,0.0137,1.1653,0.5004,1.2877,0.3401,1.2176,-0.2028,257.2945,0.6722,-2.0277,1.4073,-1.1288,257.3782,257.55
6.937,0.0518,0.0159,1.0938,0.2179,-0.0864,0.0577,1.2220,-0.2045,257.2933,0.8312,-2.7090,1.3884,-1.1937,257.3840,257.55
6.957,0.0613,0.0127,1.1636,1.9508,0.2648,0.0348,1.2610,-0.1992,257.2926,0.6251,-3.0145,1.3953,-1.2614,257.3901,257.55
6.977,0.0354,0.0278,1.1428,0.0576,0.1197,-0.3088,1.2622,-0.1968,257.2988,1.3951,-1.7737,1.3964,-1.2796,257.4079,257.69
6.997,-0.0042,0.0420,1.0742,-1.5225,0.0816,0.2180,1.2317,-0.1952,257.2944,2.2386,0.2212,1.4009,-1.2180,257.4156,257.71
7.017,0.0088,0.0601,1.0945,2.1721,0.2648,-0.2630,1.2752,-0.1899,257.2997,3.1409,-0.4594,1.5122,-1.1826,257.4197,257.39
7.037,-0.0125,0.0339,1.0723,0.0958,0.1045,-0.1103,1.2771,-0.1878,257.3019,1.8127,0.6650,1.5261,-1.1067,257.4207,257.39
7.057,0.0193,0.0176,1.0957,-1.4691,0.0358,0.2409,1.2477,-0.1871,257.2971,0.9191,-1.0083,1.4736,-1.1021,257.4130,257.34
7.077,0.0442,-0.0156,1.1599,2.1187,0.1045,-0.3011,1.2901,-0.1850,257.3031,-0.7718,-2.1816,1.4244,-1.1433,257.4157,257.34
7.097,0.0515,0.0076,1.1306,0.5843,0.1961,0.1340,1.3018,-0.1811,257.3004,0.3835,-2.6087,1.3940,-1.1981,257.4100,257.34
7.117,0.0615,-0.0134,1.1677,0.1111,-0.2085,1.9432,1.3040,-0.1852,257.2616,-0.6588,-3.0157,1.3140,-1.2748,257.3770,257.52
7.137,0.0093,0.0295,1.1174,-0.2324,0.2037,0.0195,1.2993,-0.1812,257.2612,1.5143,-0.4755,1.3176,-1.2389,257.3834,257.55
7.158,0.0291,0.0173,1.0720,0.3935,0.2342,-0.4156,1.3072,-0.1765,257.2695,0.9264,-1.5522,1.3095,-1.2470,257.3927,257.42
7.178,0.0034,0.0396,1.1189,-0.2019,0.4327,-0.2401,1.3032,-0.1678,257.2743,2.0244,-0.1749,1.3342,-1.1958,257.3982,257.42
7.198,-0.0059,0.0535,1.0935,0.3172,0.0816,0.0729,1.3095,-0.1662,257.2728,2.7992,0.3066,1.3989,-1.1341,257.3967,257.40
7.218,0.0005,0.0154,1.1445,-0.3088,0.3564,-0.2859,1.3033,-0.1591,257.2786,0.7699,-0.0244,1.3678,-1.0829,257.4021,257.39
7.238,0.0051,0.0432,1.1067,-1.4538,0.0968,-1.4843,1.2742,-0.1571,257.3082,2.2361,-0.2652,1.3746,-1.0483,257.4302,257.39
7.258,0.0261,0.0103,1.1199,-1.2859,-0.1398,0.5004,1.2485,-0.1599,257.2982,0.5246,-1.3362,1.3159,-1.0625,257.4191,257.39
7.278,0.0535,-0.0010,1.1477,0.6530,-2.4681,2.1798,1.2616,-0.2093,257.2546,-0.0488,-2.6672,1.2739,-1.1741,257.3762,257.39
7.298,0.0452,0.0203,1.1064,-0.9729,-0.5291,-1.5836,1.2421,-0.2199,257.2863,1.0492,-2.3372,1.2462,-1.2308,257.4224,257.77
7.318,0.0737,0.0164,1.1375,-0.2782,0.3945,-1.5988,1.2366,-0.2120,257.3183,0.8239,-3.7084,1.2240,-1.3223,257.4671,257.77
7.338,0.0374,0.0449,1.1125,-0.1714,0.2495,0.1645,1.2331,-0.2070,257.3150,2.3122,-1.9214,1.2642,-1.3415,257.4785,257.83
7.358,-0.0012,0.0132,1.1306,0.1950,0.1274,0.2103,1.2370,-0.2044,257.3108,0.6681,0.0619,1.2441,-1.2829,257.4736,257.46
7.378,0.0151,0.0259,1.0769,0.3095,-0.1704,-1.6141,1.2432,-0.2078,257.3431,1.3766,-0.8051,1.2554,-1.2671,257.5040,257.46
7.399,0.0034,0.0466,1.1074,0.6836,-0.5444,0.3630,1.2569,-0.2187,257.3358,2.4112,-0.1767,1.3147,-1.2339,257.4930,257.40
7.419,0.0281,0.0032,1.1362,-0.3928,0.4709,-0.1942,1.2491,-0.2093,257.3397,0.1600,-1.4155,1.2610,-1.2321,257.4927,257.39
7.439,0.0537,0.0208,1.1033,0.7905,-0.1246,-1.6065,1.2649,-0.2118,257.3718,1.0776,-2.7867,1.2688,-1.2967,257.5196,257.39
7.459,0.0564,0.0159,1.1333,2.1416,-0.3612,0.1874,1.3077,-0.2190,257.3681,0.8022,-2.8486,1.2913,-1.3657,257.5110,257.39
7.479,0.0754,-0.0012,1.1609,1.9966,-0.0100,-0.1026,1.3476,-0.2192,257.3701,-0.0602,-3.7181,1.2756,-1.4600,257.5082,257.39
7.499,0.0444,0.0325,1.1108,-1.3699,-0.4146,1.8974,1.3202,-0.2275,257.3322,1.6743,-2.2896,1.2652,-1.5011,257.4887,257.93
7.519,0.0220,0.0393,1.0918,0.0653,0.0052,0.1645,1.3215,-0.2274,257.3289,2.0619,-1.1522,1.2983,-1.4871,257.5033,257.93
7.539,0.0083,0.0427,1.1067,-1.4996,-0.1093,0.5004,1.2915,-0.2296,257.3189,2.2109,-0.4294,1.3060,-1.4469,257.5141,258.01
7.559,-0.0051,0.0090,1.1094,-1.4615,-0.2772,0.5004,1.2623,-0.2352,257.3089,0.4665,0.2648,1.2444,-1.3837,257.4989,257.38
7.579,0.0085,0.0386,1.0957,0.6989,-0.5444,2.1111,1.2763,-0.2460,257.2667,2.0163,-0.4465,1.2887,-1.3567,257.4534,257.38
7.599,0.0054,0.0232,1.1431,0.4011,-2.3078,2.0042,1.2843,-0.2922,257.2266,1.1624,-0.2692,1.2913,-1.3575,257.4080,257.28
7.619,0.0557,0.0178,1.0906,-1.3011,-0.4375,-1.5683,1.2583,-0.3009,257.2579,0.9362,-2.9215,1.2522,-1.4285,257.4323,257.26
7.640,0.0525,0.0002,1.1350,0.3324,-0.0711,-0.2401,1.2649,-0.3024,257.2627,0.0123,-2.6478,1.2089,-1.4786,257.4302,257.26
7.660,0.0586,-0.0095,1.1543,2.0729,0.2877,-0.2706,1.3064,-0.2966,257.2681,-0.4726,-2.9058,1.1815,-1.5302,257.4287,257.26
7.680,0.0044,0.0251,1.0842,0.9660,-0.3765,-1.6370,1.3257,-0.3041,257.3009,1.3286,-0.2322,1.2059,-1.4855,257.4535,257.26
7.700,0.0103,0.0449,1.1218,0.0500,-0.5597,1.8287,1.3267,-0.3153,257.2643,2.2931,-0.5233,1.2504,-1.4577,257.4107,257.26
7.720,-0.0063,0.0400,1.0684,-0.1027,0.2495,0.0882,1.3247,-0.3103,257.2625,2.1463,0.3402,1.2842,-1.3810,257.4301,257.94
7.740,0.0291,0.0254,1.1616,-0.0569,0.2648,-0.1713,1.3235,-0.3051,257.2660,1.2522,-1.4324,1.2819,-1.3780,257.4578,258.04
7.760,0.0117,0.0222,1.1194,-1.3088,-0.2772,-0.0645,1.2973,-0.3106,257.2673,1.1370,-0.5997,1.2509,-1.3522,257.4823,258.04
7.780,0.0376,0.0154,1.1250,2.2790,-0.5139,-1.5988,1.3429,-0.3209,257.2992,0.7833,-1.9139,1.2760,-1.3845,257.5113,257.44
7.800,0.0576,0.0378,1.0779,-1.5302,0.0510,-1.6828,1.3123,-0.3199,257.3329,2.0107,-3.0579,1.2760,-1.4505,257.5373,257.35
7.820,0.0535,-0.0144,1.1536,2.1340,0.4556,0.1722,1.3550,-0.3107,257.3295,-0.7154,-2.6535,1.2373,-1.4899,257.5265,257.35
7.840,0.0510,0.0234,1.1731,-0.0111,0.2342,-0.3698,1.3548,-0.3061,257.3368,1.1446,-2.4901,1.2334,-1.5254,257.5324,257.50
7.861,0.0054,0.0359,1.0984,0.5691,-0.5597,-1.6675,1.3662,-0.3173,257.3702,1.8714,-0.2800,1.2698,-1.4863,257.5639,257.52
7.881,0.0061,0.0198,1.1174,0.2943,-0.5062,-0.3622,1.3720,-0.3274,257.3774,1.0139,-0.3129,1.2652,-1.4491,257.5690,257.52
7.901,-0.0156,0.0674,1.0830,0.1416,-0.0406,0.0729,1.3749,-0.3282,257.3760,3.5603,0.8250,1.3598,-1.3589,257.5657,257.52
7.921,0.0117,0.0044,1.1299,0.6530,-0.3383,0.4012,1.3879,-0.3350,257.3680,0.2228,-0.5942,1.3268,-1.3348,257.5563,257.52
7.941,0.0354,0.0330,1.1055,2.3019,0.3716,-0.2324,1.4340,-0.3275,257.3726,1.7077,-1.8333,1.3863,-1.3476,257.5594,257.52
7.961,0.0461,0.0000,1.1096,0.5767,-0.4299,0.4775,1.4455,-0.3361,257.3631,0.0000,-2.3812,1.3419,-1.3972,257.5488,257.52
7.981,0.0496,0.0000,1.1306,0.5004,-0.4299,0.3630,1.4555,-0.3447,257.3558,0.0000,-2.5100,1.2978,-1.4500,257.5407,257.52
8.001,0.0452,0.0535,1.0630,-1.5225,-0.0788,-1.4767,1.4251,-0.3463,257.3853,2.8795,-2.4299,1.3318,-1.4907,257.5684,257.52
8.021,0.0454,0.0166,1.1169,0.2866,0.2648,-1.6675,1.4308,-0.3410,257.4187,0.8515,-2.3279,1.3181,-1.5191,257.5985,257.52
8.042,-0.0051,0.0457,1.0955,-1.4386,1.2190,0.4317,1.4020,-0.3166,257.4101,2.3865,0.2679,1.3333,-1.4242,257.6033,257.93
8.062,-0.0012,0.0059,1.1514,-1.4004,-0.3078,-1.5836,1.3740,-0.3228,257.4417,0.2916,0.0607,1.2647,-1.3707,257.6491,257.99
8.082,0.0083,0.0332,1.1064,-1.4996,-0.4070,0.1340,1.3440,-0.3309,257.4390,1.7189,-0.4296,1.2541,-1.3409,257.6600,257.99
8.102,0.0295,0.0054,1.1523,0.3095,0.1732,-0.1561,1.3502,-0.3274,257.4422,0.2671,-1.4685,1.2205,-1.3427,257.6495,257.32
8.122,0.0342,0.0066,1.1436,0.6836,0.0129,-0.0721,1.3639,-0.3272,257.4436,0.3303,-1.7120,1.1980,-1.3572,257.6338,257.22
8.142,0.0444,0.0010,1.1084,-0.2401,0.3640,-0.2401,1.3591,-0.3199,257.4484,0.0505,-2.2956,1.1475,-1.3877,257.6220,257.22
8.163,0.0769,0.0200,1.1089,-1.5302,0.3029,-0.4233,1.3285,-0.3139,257.4569,1.0343,-3.9666,1.1136,-1.4851,257.6136,257.21
8.183,0.0342,-0.0029,1.1521,0.3324,0.1732,-0.0568,1.3351,-0.3104,257.4580,-0.1457,-1.6993,1.0696,-1.4903,257.5929,257.07
8.203,0.0276,0.0090,1.1489,0.6072,-0.0100,-0.1255,1.3473,-0.3106,257.4605,0.4505,-1.3755,1.0565,-1.4859,257.5736,257.05
8.223,0.0022,0.0269,1.1616,0.3859,-0.3536,0.0577,1.3550,-0.3177,257.4594,1.3244,-0.1083,1.0747,-1.4376,257.5515,257.05
8.243,-0.0183,0.0332,1.1636,2.2943,-0.3917,-1.5759,1.4009,-0.3255,257.4909,1.6345,0.9012,1.1411,-1.3516,257.5875,257.70
8.263,0.0132,0.0427,1.0806,-0.2172,0.1961,-0.0187,1.3965,-0.3216,257.4913,2.2642,-0.6985,1.1819,-1.3217,257.5960,257.79
8.283,0.0063,0.0391,1.1099,-0.1561,-0.1551,1.9126,1.3934,-0.3247,257.4530,2.0157,-0.3275,1.2122,-1.2849,257.5671,257.79
8.303,0.0291,0.0403,1.0884,-0.3622,0.0816,0.0882,1.3862,-0.3230,257.4512,2.1197,-1.5280,1.2416,-1.2931,257.5750,257.81
8.323,0.0374,0.0186,1.0654,-0.4462,0.2419,-0.0263,1.3773,-0.3182,257.4518,0.9977,-2.0076,1.2232,-1.3170,257.5849,257.81
8.343,0.0576,0.0027,1.0974,0.1187,0.4251,-0.2630,1.3796,-0.3097,257.4570,0.1402,-3.0054,1.1822,-1.3764,257.5989,257.81
8.363,0.0376,0.0129,1.1138,0.2485,0.2800,-0.3088,1.3846,-0.3041,257.4632,0.6656,-1.9333,1.1663,-1.3933,257.6133,257.81
8.383,0.0188,0.0032,1.1113,-1.3928,0.0892,-0.2095,1.3567,-0.3023,257.4674,0.1636,-0.9691,1.0995,-1.3746,257.6080,257.38
8.403,0.0034,0.0342,1.1575,0.6378,-0.4070,0.2256,1.3695,-0.3105,257.4629,1.6914,-0.1691,1.1354,-1.3342,257.5921,257.32
8.423,-0.0115,0.0371,1.1399,1.9660,-0.3154,2.2027,1.4088,-0.3168,257.4188,1.8646,0.5764,1.2023,-1.2638,257.5385,257.31
8.443,-0.0012,0.0500,1.1577,0.4088,-0.5062,0.4317,1.4170,-0.3269,257.4102,2.4754,0.0604,1.2611,-1.2206,257.5210,257.31
8.464,0.0046,0.0344,1.1538,-0.1179,-0.2925,0.3783,1.4146,-0.3327,257.4026,1.7089,-0.2302,1.2767,-1.1866,257.5052,257.31
8.484,0.0210,0.0364,1.0923,-0.0874,-0.3001,0.1264,1.4129,-0.3387,257.4001,1.9074,-1.1006,1.3003,-1.1889,257.4949,257.31
8.504,0.0427,0.0359,1.0720,-0.1179,0.1961,2.1569,1.4105,-0.3348,257.3570,1.9174,-2.2810,1.3227,-1.2288,257.4479,257.36
8.524,0.0469,0.0032,1.0962,-0.1790,0.3106,-0.0187,1.4069,-0.3286,257.3573,0.1659,-2.4486,1.2730,-1.2716,257.4448,257.36
8.544,0.0547,0.0112,1.1106,0.0271,0.2342,-0.4385,1.4075,-0.3239,257.3661,0.5794,-2.8189,1.2458,-1.3290,257.4500,257.36
8.564,0.0603,0.0181,1.1604,0.5920,-0.4986,0.4928,1.4193,-0.3339,257.3563,0.8920,-2.9745,1.2430,-1.4044,257.4361,257.34
8.584,0.0308,-0.0022,1.1606,0.8286,0.0739,-0.0568,1.4359,-0.3324,257.3574,-0.1085,-1.5182,1.2048,-1.4076,257.4334,257.34
8.604,0.0215,0.0259,1.1394,0.4622,-0.0635,-0.1179,1.4451,-0.3337,257.3597,1.3011,-1.0800,1.2175,-1.3957,257.4318,257.34
8.624,0.0032,0.0283,1.1646,2.2943,-0.2849,-1.6828,1.4910,-0.3394,257.3934,1.3931,-0.1561,1.2686,-1.3516,257.4602,257.34
8.644,-0.0051,0.0371,1.1528,0.5538,-0.4757,0.0958,1.5021,-0.3489,257.3915,1.8437,0.2547,1.3023,-1.2964,257.4705,257.76
8.664,0.0046,0.0471,1.1123,2.0653,-0.4528,-1.6675,1.5434,-0.3580,257.4248,2.4257,-0.2387,1.3868,-1.2628,257.5168,257.83
8.684,0.0117,0.0439,1.1226,-0.2477,-0.3307,0.2943,1.5385,-0.3646,257.4189,2.2418,-0.5976,1.4163,-1.2426,257.5240,257.84
8.704,0.0300,0.0007,1.0981,-0.1332,0.1579,-0.1866,1.5358,-0.3614,257.4227,0.0382,-1.5664,1.3586,-1.2525,257.5250,257.46
8.724,0.0359,0.0256,1.0630,-1.5302,0.0434,0.0042,1.5052,-0.3605,257.4226,1.3815,-1.9331,1.3301,-1.2789,257.5200,257.40
8.744,0.0400,-0.0073,1.0994,0.1416,0.3487,-0.2477,1.5080,-0.3536,257.4276,-0.3817,-2.0858,1.2644,-1.3045,257.5201,257.40
8.765,0.0364,-0.0085,1.1541,-1.4386,0.2113,-0.2324,1.4793,-0.3493,257.4322,-0.4242,-1.8054,1.1692,-1.3204,257.5195,257.39
8.785,0.0205,0.0212,1.1487,0.6759,0.1503,0.1111,1.4928,-0.3463,257.4300,1.0593,-1.0226,1.1778,-1.3056,257.5118,257.38
8.805,0.0117,0.0352,1.1624,0.4546,-0.2085,0.1187,1.5019,-0.3505,257.4276,1.7324,-0.5774,1.2087,-1.2805,257.5043,257.38
8.825,-0.0139,0.0234,1.1643,0.5767,-0.5520,0.2638,1.5134,-0.3616,257.4223,1.1532,0.6846,1.2176,-1.2125,257.4942,257.38
8.845,-0.0103,0.0486,1.1177,2.2561,-2.3841,0.3477,1.5585,-0.4092,257.4154,2.4890,0.5251,1.3117,-1.1888,257.4986,257.77
8.865,0.0020,0.0359,1.0967,0.1950,0.4861,-0.4156,1.5624,-0.3995,257.4237,1.8743,-0.1020,1.3380,-1.1360,257.5197,257.83
8.885,0.0142,0.0217,1.0996,-0.1332,-0.2085,2.0500,1.5598,-0.4037,257.3827,1.1320,-0.7376,1.3272,-1.1240,257.4927,257.83
8.905,0.0347,0.0393,1.0688,-0.2248,0.3335,-0.0874,1.5553,-0.3970,257.3844,2.1061,-1.8565,1.3540,-1.1469,257.5082,257.84
8.925,0.0417,0.0117,1.0828,-0.0950,0.3029,-0.4004,1.5534,-0.3910,257.3924,0.6201,-2.2079,1.3229,-1.1836,257.5291,257.84
8.946,0.0552,0.0020,1.1003,0.3095,0.4098,-0.4462,1.5595,-0.3828,257.4014,0.1017,-2.8706,1.2800,-1.2432,257.5501,257.84
8.966,0.0540,0.0090,1.1191,0.3477,0.0205,-0.3011,1.5665,-0.3823,257.4074,0.4625,-2.7601,1.2539,-1.3035,257.5674,257.84
8.986,0.0129,-0.0071,1.1438,0.5920,-0.1017,-0.3317,1.5783,-0.3844,257.4140,-0.3547,-0.6481,1.2010,-1.2792,257.5665,257.39
9.006,-0.0093,0.0308,1.1682,0.6530,-0.4146,-1.6599,1.5914,-0.3927,257.4472,1.5084,0.4548,1.2258,-1.2178,257.5885,257.32
9.026,-0.0088,0.0422,1.1487,2.0118,-0.0788,0.0653,1.6316,-0.3942,257.4459,2.1058,0.4381,1.2996,-1.1531,257.5761,257.31
9.046,0.0034,0.0469,1.1721,0.1187,-0.4299,0.3325,1.6340,-0.4028,257.4393,2.2901,-0.1669,1.3415,-1.1219,257.5590,257.31
9.066,0.0039,0.0327,1.1287,2.0118,-0.5139,0.2638,1.6742,-0.4131,257.4340,1.6603,-0.1982,1.3929,-1.0948,257.5439,257.31
9.086,0.0244,0.0334,1.0803,-0.0874,-0.3230,0.2103,1.6725,-0.4196,257.4298,1.7733,-1.2940,1.4064,-1.1090,257.5304,257.31
9.106,0.0442,0.0247,1.0703,-0.5683,0.2724,0.0958,1.6611,-0.4141,257.4279,1.3198,-2.3636,1.3921,-1.1539,257.5162,257.22
9.126,0.0457,-0.0024,1.0942,-0.3546,0.3258,-0.2935,1.6540,-0.4076,257.4337,-0.1278,-2.3891,1.3244,-1.1971,257.5094,257.21
9.146,0.0554,0.0134,1.1030,0.3324,0.5625,-0.3851,1.6607,-0.3964,257.4414,0.6975,-2.8761,1.3058,-1.2534,257.5047,257.21
9.166,0.0601,0.0161,1.1453,0.3859,1.3793,0.2332,1.6684,-0.3688,257.4368,0.8061,-3.0016,1.2932,-1.2969,257.4990,257.47
9.186,0.0173,-0.0046,1.1616,-1.5225,0.0892,-0.1484,1.6380,-0.3670,257.4397,-0.2288,-0.8549,1.2031,-1.2775,257.5009,257.47
9.206,0.0203,0.0225,1.1387,0.5614,-0.1093,-0.1942,1.6492,-0.3692,257.4436,1.1300,-1.0193,1.2109,-1.2693,257.5052,257.52
9.226,0.0042,0.0403,1.1682,0.4698,-0.1017,0.1645,1.6586,-0.3712,257.4403,1.9749,-0.2034,1.2505,-1.2286,257.5027,257.52
9.247,-0.0068,0.0305,1.1626,0.3553,1.3182,-1.6065,1.6657,-0.3449,257.4725,1.5036,0.3368,1.2675,-1.1407,257.5558,258.06
9.267,-0.0154,0.0588,1.1265,0.4851,-2.4833,0.3554,1.6754,-0.3945,257.4654,2.9900,0.7812,1.3457,-1.1115,257.5724,258.14
9.287,0.0107,0.0452,1.1174,-0.2935,-0.2238,0.4699,1.6695,-0.3990,257.4560,2.3146,-0.5503,1.3788,-1.0933,257.5866,258.15
9.307,0.0454,0.0198,1.0894,-0.0187,0.3411,-0.3164,1.6691,-0.3922,257.4623,1.0400,-2.3866,1.3649,-1.1385,257.5831,257.35
9.327,0.0466,0.0415,1.0605,0.3630,-0.1780,0.0348,1.6764,-0.3957,257.4616,2.2411,-2.5157,1.4069,-1.1970,257.5682,257.23
9.347,0.0630,0.0066,1.1018,-0.1256,0.3258,-0.3698,1.6739,-0.3892,257.4690,0.3428,-3.2719,1.3619,-1.2737,257.5616,257.23
9.367,0.0447,0.0105,1.1030,-1.5378,0.2419,-0.2095,1.6431,-0.3844,257.4732,0.5453,-2.3194,1.2997,-1.3109,257.5515,257.21
9.387,0.0229,0.0042,1.1489,-1.3622,0.1274,-0.0568,1.6159,-0.3818,257.4743,0.2070,-1.1443,1.2299,-1.3018,257.5540,257.59
9.407,0.0127,0.0317,1.1492,0.7218,-0.1322,0.0577,1.6303,-0.3845,257.4732,1.5820,-0.6327,1.2578,-1.2776,257.5564,257.64
9.427,-0.0020,0.0242,1.1626,2.2637,-0.2696,0.0882,1.6756,-0.3899,257.4714,1.1910,0.0962,1.2986,-1.2278,257.5584,257.65
9.447,-0.0129,0.0305,1.1545,0.2179,-0.2314,-1.6599,1.6800,-0.3945,257.5046,1.5141,0.6419,1.3114,-1.1575,257.5994,257.79
9.467,0.0066,0.0381,1.0876,-0.1027,0.2724,-0.0034,1.6779,-0.3891,257.5047,2.0055,-0.3470,1.3372,-1.1198,257.6077,257.81
9.487,0.0024,0.0364,1.1101,-0.0034,-0.3078,2.2027,1.6778,-0.3952,257.4606,1.8768,-0.1259,1.3587,-1.0860,257.5733,257.81
9.508,0.0208,0.0386,1.0874,-0.2324,-0.1856,0.1493,1.6732,-0.3989,257.4576,2.0316,-1.0926,1.3812,-1.0898,257.5799,257.81
9.528,0.0376,0.0261,1.0679,-0.4004,0.1503,0.1264,1.6652,-0.3959,257.4551,1.4013,-2.0158,1.3743,-1.1240,257.5866,257.81
9.548,0.0593,-0.0017,1.1030,0.0958,0.2953,-0.1713,1.6671,-0.3900,257.4585,-0.0888,-3.0787,1.3176,-1.1965,257.5988,257.81
9.568,0.0542,0.0093,1.0999,0.1721,0.6159,-0.3851,1.6705,-0.3777,257.4662,0.4833,-2.8211,1.2875,-1.2496,257.6146,257.81
9.588,0.0525,0.0144,1.1118,0.3248,0.2648,-0.3240,1.6770,-0.3724,257.4727,0.7423,-2.7028,1.2720,-1.3027,257.6115,257.38
9.608,0.0110,0.0251,1.1504,0.5309,-0.2238,0.1874,1.6877,-0.3769,257.4690,1.2522,-0.5470,1.2814,-1.2767,257.5962,257.32
9.628,-0.0112,0.0283,1.1523,2.1569,-0.3383,2.1111,1.7308,-0.3836,257.4267,1.4078,0.5582,1.3278,-1.2098,257.5442,257.31
9.648,-0.0015,0.0254,1.1716,0.5156,-0.4757,0.2409,1.7411,-0.3932,257.4219,1.2415,0.0716,1.3343,-1.1677,257.5302,257.31
9.668,-0.0010,0.0288,1.1738,0.2561,-0.4375,0.3630,1.7462,-0.4019,257.4147,1.4059,0.0477,1.3421,-1.1275,257.5143,257.31
9.688,0.0112,0.0310,1.1299,0.0271,-0.3917,0.2790,1.7468,-0.4097,257.4091,1.5719,-0.5693,1.3518,-1.1127,257.5006,257.31
9.708,0.0295,0.0364,1.1204,0.0118,-0.3536,0.3401,1.7470,-0.4168,257.4023,1.8597,-1.5096,1.3723,-1.1354,257.4829,257.22
9.728,0.0471,0.0193,1.1042,-0.4080,0.1121,0.0424,1.7388,-0.4146,257.4014,1.0006,-2.4430,1.3496,-1.1855,257.4711,257.21
9.748,0.0388,0.0037,1.1206,0.3095,0.2037,-0.2324,1.7450,-0.4105,257.4061,0.1872,-1.9840,1.3091,-1.2135,257.4649,257.21
9.769,0.0603,0.0146,1.1001,0.2179,0.1884,-0.0416,1.7494,-0.4067,257.4069,0.7629,-3.1373,1.2914,-1.2869,257.4554,257.21
9.789,0.0454,0.0166,1.1370,0.5691,0.4556,-0.4156,1.7608,-0.3976,257.4152,0.8366,-2.2869,1.2841,-1.3181,257.4514,257.16
9.809,0.0312,-0.0022,1.1511,0.6759,0.1045,-0.2477,1.7743,-0.3955,257.4202,-0.1094,-1.5550,1.2414,-1.3256,257.4442,257.15
9.829,0.0220,0.0300,1.1533,0.6149,0.0129,-0.0797,1.7866,-0.3953,257.4218,1.4915,-1.0911,1.2632,-1.3160,257.4339,257.15
9.849,0.0020,0.0310,1.1655,0.3248,-0.3612,0.2638,1.7931,-0.4025,257.4165,1.5238,-0.0960,1.2798,-1.2741,257.4345,257.58
9.869,-0.0293,0.0410,1.1699,0.5614,1.3640,0.4622,1.8043,-0.3752,257.4072,2.0079,1.4336,1.3197,-1.1396,257.4339,257.64
9.889,0.0088,0.0181,1.0962,-0.2859,-0.0558,0.3248,1.7986,-0.3763,257.4008,0.9442,-0.4593,1.2992,-1.1135,257.4363,257.65
9.909,0.0112,0.0376,1.1116,-0.3011,0.3640,-0.3240,1.7926,-0.3690,257.4072,1.9372,-0.5785,1.3190,-1.0851,257.4306,257.14
9.929,0.0012,0.0364,1.0854,-0.3241,-0.0558,2.1951,1.7861,-0.3702,257.3633,1.9195,-0.0644,1.3368,-1.0453,257.3767,257.14
9.949,0.0422,0.0288,1.0730,-0.5836,0.2571,-0.0492,1.7744,-0.3650,257.3643,1.5379,-2.2534,1.3336,-1.0887,257.3650,257.06
9.969,0.0608,0.0105,1.0837,-0.0569,0.3335,-0.0950,1.7733,-0.3584,257.3662,0.5550,-3.2104,1.3014,-1.1672,257.3541,257.05
9.989,0.0408,0.0015,1.1033,0.2790,0.3640,-0.3164,1.7789,-0.3511,257.3725,0.0761,-2.1164,1.2577,-1.1982,257.3641,257.45
10.009,0.0178,0.0134,1.1128,-1.5302,0.1426,-0.2553,1.7483,-0.3482,257.3776,0.6913,-0.9175,1.2057,-1.1842,257.3749,257.51
10.030,0.0164,0.0334,1.1431,0.6836,-0.0024,-0.2324,1.7619,-0.3483,257.3823,1.6761,-0.8195,1.2376,-1.1697,257.3852,257.52
10.050,-0.0127,0.0601,1.1001,-0.1637,-0.0482,2.1493,1.7587,-0.3492,257.3393,3.1249,0.6602,1.3100,-1.0974,257.3494,257.52
10.070,-0.0100,0.0437,1.1592,0.7294,-0.3078,-1.6446,1.7733,-0.3554,257.3722,2.1590,0.4944,1.3579,-1.0396,257.3879,257.52
10.090,-0.0007,0.0571,1.1155,2.1111,-0.3841,0.3554,1.8155,-0.3631,257.3651,2.9318,0.0376,1.4614,-1.0039,257.3865,257.52
10.110,0.0122,0.0330,1.1057,-0.0340,-0.3459,0.2714,1.8148,-0.3700,257.3597,1.7074,-0.6322,1.4706,-0.9957,257.3867,257.52
10.130,0.0254,0.0295,1.0686,0.0958,-0.2162,0.1569,1.8167,-0.3743,257.3565,1.5835,-1.3606,1.4770,-1.0144,257.3891,257.52
10.150,0.0491,0.0198,1.0720,-0.3164,0.0968,-0.1255,1.8104,-0.3724,257.3590,1.0568,-2.6205,1.4541,-1.0768,257.3969,257.52
10.170,0.0525,0.0059,1.1003,-0.2095,0.3411,-0.2095,1.8062,-0.3656,257.3632,0.3051,-2.7311,1.4041,-1.1364,257.4059,257.52
10.190,0.0486,-0.0012,1.1526,0.7294,0.0892,-0.2706,1.8208,-0.3638,257.3686,-0.0607,-2.4137,1.3595,-1.1858,257.4158,257.52
10.210,0.0559,0.0120,1.1272,0.6378,-0.3917,0.4393,1.8335,-0.3716,257.3599,0.6081,-2.8393,1.3417,-1.2595,257.4116,257.52
10.230,0.0349,0.0037,1.1440,0.6301,-0.0100,-0.0721,1.8461,-0.3718,257.3613,0.1834,-1.7479,1.3075,-1.2792,257.4174,257.52
10.250,0.0208,0.0173,1.1440,0.8134,-0.1551,0.0271,1.8624,-0.3749,257.3608,0.8681,-1.0391,1.3055,-1.2726,257.4319,257.79
10.270,-0.0083,0.0225,1.1658,0.4546,-0.3001,0.2256,1.8715,-0.3809,257.3562,1.1038,0.4079,1.3062,-1.2111,257.4435,257.83
10.290,-0.0034,0.0286,1.1597,0.4011,-0.5520,0.3706,1.8795,-0.3919,257.3488,1.4110,0.1688,1.3181,-1.1665,257.4522,257.84
10.310,0.0129,0.0569,1.1121,-0.1332,-0.3078,0.3096,1.8769,-0.3981,257.3426,2.9283,-0.6658,1.3799,-1.1524,257.4338,257.14
10.330,-0.0068,0.0356,1.1130,-0.2095,-0.2467,0.3401,1.8727,-0.4030,257.3358,1.8342,0.3517,1.3941,-1.0970,257.4114,257.04
10.351,0.0203,0.0242,1.1035,0.6759,0.1426,-0.3393,1.8862,-0.4002,257.3426,1.2547,-1.0517,1.4015,-1.0924,257.4024,257.02
10.371,0.0562,0.0212,1.0698,-0.3928,0.1732,-0.0339,1.8783,-0.3967,257.3433,1.1374,-3.0040,1.3834,-1.1656,257.3878,257.02
10.391,0.0542,0.0015,1.0989,-0.2859,0.3716,-0.2095,1.8726,-0.3893,257.3475,0.0764,-2.8237,1.3256,-1.2248,257.3942,257.45
10.411,0.0388,0.0083,1.0952,0.1340,0.4556,-0.3393,1.8753,-0.3802,257.3543,0.4342,-2.0299,1.2925,-1.2482,257.4054,257.51
10.431,0.0176,0.0117,1.1216,-1.4309,0.1732,-0.3317,1.8467,-0.3767,257.3609,0.5986,-0.8979,1.2373,-1.2309,257.4164,257.52
10.451,0.0149,0.0283,1.1526,0.7523,0.0281,-0.0110,1.8617,-0.3762,257.3611,1.4075,-0.7401,1.2585,-1.2107,257.4252,257.63
10.471,-0.0063,0.0295,1.1506,0.5309,-0.1704,0.1493,1.8723,-0.3796,257.3581,1.4707,0.3160,1.2772,-1.1529,257.4313,257.65
10.491,-0.0020,0.0503,1.1252,0.0500,-0.3917,0.5615,1.8733,-0.3874,257.3469,2.5591,0.0994,1.3295,-1.1103,257.4293,257.65
10.511,0.0044,0.0513,1.1133,-0.1943,0.2877,-0.2019,1.8694,-0.3816,257.3510,2.6368,-0.2259,1.3780,-1.0694,257.4313,257.38
10.531,0.0098,0.0342,1.1123,-0.0416,-0.3612,0.2180,1.8686,-0.3889,257.3466,1.7601,-0.5028,1.3925,-1.0537,257.4252,257.38
10.551,0.0286,0.0288,1.0728,-0.1561,-0.2391,0.1187,1.8655,-0.3936,257.3442,1.5383,-1.5247,1.3953,-1.0771,257.4196,257.34
10.571,0.0425,0.0239,1.0828,-0.4462,0.0510,2.1035,1.8566,-0.3926,257.3022,1.2659,-2.2462,1.3816,-1.1229,257.3759,257.34
10.591,0.0498,0.0054,1.1069,-0.3011,0.2648,-0.1942,1.8505,-0.3873,257.3060,0.2780,-2.5762,1.3317,-1.1760,257.3921,257.69
10.611,0.0593,0.0107,1.1145,0.1950,0.4098,-0.3775,1.8544,-0.3791,257.3136,0.5522,-3.0469,1.3042,-1.2429,257.4133,257.74
10.631,0.0542,0.0044,1.1208,0.5385,0.3945,-0.4309,1.8652,-0.3712,257.3222,0.2246,-2.7684,1.2714,-1.2964,257.4350,257.75
10.652,0.0205,0.0310,1.1333,2.1721,-0.3612,-1.6294,1.9087,-0.3785,257.3548,1.5672,-1.0363,1.3249,-1.2929,257.4789,257.75
10.672,0.0227,0.0320,1.1401,0.6225,-0.1627,-0.0721,1.9211,-0.3817,257.3562,1.6068,-1.1404,1.3482,-1.2899,257.4911,257.75
10.692,0.0103,0.0452,1.1768,0.4317,-0.3230,-1.6675,1.9297,-0.3882,257.3896,2.1980,-0.4989,1.3904,-1.2645,257.5335,257.75
10.712,-0.0090,0.0244,1.1589,0.3324,-0.5444,-1.6370,1.9364,-0.3991,257.4223,1.2068,0.4465,1.3895,-1.2065,257.5736,257.75
10.732,-0.0068,0.0520,1.1152,2.0653,-0.4223,0.3019,1.9777,-0.4075,257.4163,2.6697,0.3508,1.4803,-1.1523,257.5608,257.40
10.752,0.0103,0.0449,1.1204,-0.2248,-0.3154,0.2867,1.9732,-0.4138,257.4106,2.2961,-0.5240,1.5086,-1.1332,257.5467,257.34
10.772,0.0303,0.0303,1.0940,-0.0798,0.1121,0.0577,1.9716,-0.4116,257.4094,1.5851,-1.5845,1.5102,-1.1491,257.5372,257.34
10.792,0.0508,0.0105,1.1013,0.2866,0.3945,-0.2630,1.9773,-0.4037,257.4147,0.5461,-2.6399,1.4771,-1.2012,257.5342,257.34
10.812,0.0576,0.0095,1.0923,-1.3928,0.0052,0.1340,1.9495,-0.4036,257.4120,0.4994,-3.0194,1.4113,-1.2738,257.5236,257.34
10.832,0.0515,0.0032,1.1179,0.3248,0.4174,-0.2935,1.9560,-0.3952,257.4178,0.1627,-2.6383,1.3676,-1.3204,257.5217,257.34
10.852,0.0293,0.0071,1.1184,-1.4462,0.1350,-0.2859,1.9271,-0.3925,257.4236,0.3627,-1.5005,1.2996,-1.3250,257.5315,257.63
10.872,0.0193,0.0369,1.1641,0.8439,0.2037,-0.0110,1.9439,-0.3885,257.4238,1.8139,-0.9488,1.3364,-1.3060,257.5374,257.67
10.892,-0.0051,0.0276,1.1816,0.4851,-0.1627,0.0729,1.9536,-0.3917,257.4223,1.3374,0.2485,1.3457,-1.2470,257.5417,257.68
10.912,-0.0071,0.0405,1.1455,0.3477,-0.4375,-1.6675,1.9606,-0.4005,257.4557,2.0262,0.3539,1.3796,-1.1913,257.5783,257.66
10.932,0.0073,0.0513,1.1216,2.1263,-0.3765,0.3401,2.0031,-0.4080,257.4489,2.6173,-0.3738,1.4700,-1.1659,257.5747,257.65
10.953,0.0105,0.0334,1.0691,0.2561,0.2724,-0.2477,2.0082,-0.4025,257.4538,1.7920,-0.5623,1.4878,-1.1365,257.5825,257.65
10.973,0.0300,0.0310,1.0867,-0.0950,-0.1627,2.2180,2.0063,-0.4058,257.4095,1.6344,-1.5823,1.4918,-1.1575,257.5427,257.65
10.993,0.0410,0.0232,1.0706,-0.2782,0.2037,0.1264,2.0008,-0.4017,257.4069,1.2411,-2.1936,1.4764,-1.1950,257.5500,257.79
11.013,0.0408,0.0032,1.1016,-0.0263,0.0892,-0.2935,2.0002,-0.3999,257.4128,0.1651,-2.1197,1.4235,-1.2303,257.5658,257.81
11.033,0.0535,0.0154,1.1050,0.0424,0.5625,-0.2095,2.0011,-0.3887,257.4170,0.7975,-2.7699,1.3992,-1.2811,257.5796,257.81
11.053,0.0525,0.0000,1.1257,0.3019,0.2342,-0.1255,2.0071,-0.3840,257.4195,0.0000,-2.6696,1.3491,-1.3321,257.5751,257.41
11.073,0.0461,-0.0125,1.1511,0.7294,-0.0253,-0.2859,2.0217,-0.3845,257.4252,-0.6197,-2.2953,1.2843,-1.3711,257.5714,257.35
11.093,0.0203,0.0176,1.1663,2.2027,1.3716,-1.6294,2.0658,-0.3571,257.4578,0.8635,-0.9953,1.3098,-1.3297,257.5933,257.34
11.113,0.0105,0.0205,1.1658,2.1111,-0.1322,2.2180,2.1080,-0.3597,257.4135,1.0078,-0.5159,1.3382,-1.2997,257.5458,257.47
11.133,-0.0142,0.0464,1.1646,0.5004,-0.5215,0.1874,2.1180,-0.3702,257.4097,2.2810,0.6961,1.3856,-1.2299,257.5392,257.47
11.153,0.0129,0.0471,1.1360,-0.0798,-0.3536,0.3096,2.1164,-0.3772,257.4035,2.3752,-0.6520,1.4236,-1.2136,257.5313,257.49
11.173,0.0374,0.0518,1.1240,0.0805,-0.4452,0.2790,2.1180,-0.3861,257.3979,2.6364,-1.9013,1.4737,-1.2496,257.5244,257.49
11.193,0.0425,0.0168,1.1084,-0.1790,0.1045,0.1722,2.1144,-0.3840,257.3945,0.8707,-2.1946,1.4461,-1.2854,257.5252,257.63
11.213,0.0522,0.0361,1.0742,-0.3851,0.1045,-0.1179,2.1067,-0.3820,257.3969,1.9265,-2.7829,1.4579,-1.3433,257.5324,257.65
11.233,0.0571,0.0159,1.0876,-0.0721,0.2037,-0.2477,2.1053,-0.3779,257.4018,0.8359,-3.0064,1.4317,-1.4059,257.5419,257.65
11.253,0.0542,0.0115,1.1443,0.4775,-0.4757,0.2409,2.1148,-0.3874,257.3970,0.5745,-2.7117,1.4065,-1.4673,257.5416,257.65
11.274,0.0278,0.0085,1.0945,0.5767,0.1808,-0.3240,2.1264,-0.3838,257.4035,0.4473,-1.4566,1.3793,-1.4634,257.5522,257.65
11.294,0.0173,0.0273,1.1494,0.7828,0.0281,-0.0645,2.1420,-0.3832,257.4048,1.3628,-0.8638,1.3936,-1.4389,257.5575,257.65
11.314,-0.0024,0.0310,1.1743,0.6683,-0.1475,0.1264,2.1554,-0.3862,257.4022,1.5124,0.1191,1.4112,-1.3794,257.5588,257.65
11.334,-0.0161,0.0334,1.1560,0.5843,1.3793,0.2256,2.1671,-0.3586,257.3977,1.6573,0.7982,1.4323,-1.2658,257.5474,257.38
11.354,0.0090,0.0493,1.1160,2.1874,-0.3307,-1.6599,2.2108,-0.3652,257.4309,2.5303,-0.4633,1.5182,-1.2400,257.5711,257.34
11.374,0.0146,0.0310,1.1104,-0.1561,-0.4986,0.4012,2.2077,-0.3752,257.4229,1.5995,-0.7555,1.5184,-1.2302,257.5540,257.34
11.394,0.0166,0.0083,1.1028,-0.4080,0.2648,0.0806,2.1996,-0.3699,257.4213,0.4313,-0.8625,1.4671,-1.2104,257.5437,257.34
11.414,0.0588,0.0269,1.0625,0.3019,0.0816,-0.1179,2.2056,-0.3682,257.4236,1.4479,-3.1686,1.4722,-1.2872,257.5377,257.34
11.434,0.0439,0.0017,1.1047,-0.2248,0.2342,0.0195,2.2011,-0.3636,257.4233,0.0886,-2.2780,1.4125,-1.3223,257.5292,257.34
11.454,0.0520,0.0144,1.0886,0.1874,0.4709,-0.2401,2.2048,-0.3541,257.4281,0.7581,-2.7346,1.3899,-1.3698,257.5217,257.22
11.474,0.0620,0.0115,1.1340,-1.5836,0.0434,-0.2859,2.1732,-0.3533,257.4338,0.5797,-3.1298,1.3271,-1.4394,257.5146,257.21
11.494,0.0166,0.0005,1.1665,0.6149,0.0434,-0.2935,2.1855,-0.3524,257.4396,0.0240,-0.8154,1.2868,-1.4136,257.5079,257.21
11.514,0.0234,0.0376,1.1301,0.5309,-0.1246,0.0729,2.1961,-0.3549,257.4382,1.9054,-1.1874,1.3217,-1.4069,257.5096,257.58
11.534,-0.0149,0.0166,1.1646,0.3095,-0.4604,-1.6675,2.2023,-0.3641,257.4715,0.8167,0.7326,1.3075,-1.3302,257.5469,257.64
11.554,0.0078,0.0369,1.0754,-0.4309,0.3487,0.0042,2.1937,-0.3571,257.4714,1.9633,-0.4160,1.3254,-1.2869,257.5509,257.65
11.574,0.0190,0.0615,1.1143,-0.0721,-0.2772,-0.0416,2.1922,-0.3627,257.4723,3.1604,-0.9776,1.3974,-1.2799,257.5557,257.65
11.595,0.0457,0.0337,1.1003,-0.1103,-0.1475,2.2180,2.1900,-0.3656,257.4279,1.7538,-2.3748,1.4096,-1.3265,257.5179,257.68
11.615,0.0493,0.0356,1.0854,-0.3699,0.1197,-0.0645,2.1826,-0.3632,257.4292,1.8808,-2.6000,1.4213,-1.3751,257.5256,257.68
11.635,0.0566,0.0071,1.0918,-0.0111,0.3640,-0.2248,2.1824,-0.3559,257.4337,0.3715,-2.9697,1.3791,-1.4319,257.5361,257.68
11.655,0.0491,0.0017,1.0940,0.2332,0.4938,-0.2630,2.1871,-0.3461,257.4390,0.0895,-2.5683,1.3320,-1.4679,257.5406,257.52
11.675,0.0344,0.0054,1.1021,0.5156,0.2342,-0.3240,2.1974,-0.3414,257.4454,0.2792,-1.7891,1.2998,-1.4762,257.5451,257.50
11.695,0.0044,0.0293,1.1611,0.1492,-0.4757,0.1493,2.2004,-0.3509,257.4425,1.4453,-0.2168,1.3085,-1.4350,257.5402,257.49
11.715,-0.0005,0.0232,1.1750,2.1034,-0.3994,0.3248,2.2424,-0.3589,257.4360,1.1308,0.0238,1.3418,-1.3843,257.5385,257.65
11.735,-0.0076,0.0430,1.1426,-1.5149,-0.3765,0.2485,2.2121,-0.3664,257.4310,2.1537,0.3792,1.3452,-1.3210,257.5383,257.65
11.755,0.0078,0.0549,1.1133,0.0653,-0.3917,-1.6141,2.2134,-0.3743,257.4633,2.8248,-0.4016,1.4056,-1.2917,257.5748,257.68
11.775,0.0093,0.0344,1.1035,-0.1943,-0.2391,0.3554,2.2095,-0.3790,257.4562,1.7867,-0.4814,1.4171,-1.2639,257.5722,257.68
11.795,0.0344,0.0334,1.0820,-0.1866,0.0587,2.1645,2.2058,-0.3779,257.4129,1.7705,-1.8213,1.4277,-1.2851,257.5286,257.52
11.815,0.0491,0.0151,1.0845,-0.5607,0.3258,-0.0263,2.1946,-0.3713,257.4134,0.7997,-2.5906,1.3918,-1.3311,257.5279,257.50
11.835,0.0503,0.0088,1.1167,-0.0034,0.3793,-0.3546,2.1945,-0.3638,257.4205,0.4509,-2.5786,1.3541,-1.3737,257.5333,257.49
11.855,0.0471,0.0046,1.1462,0.5233,-0.4223,-1.6523,2.2050,-0.3722,257.4535,0.2319,-2.3539,1.3192,-1.4210,257.5645,257.52
11.875,0.0437,0.0010,1.1438,0.5691,0.2419,-0.2401,2.2164,-0.3674,257.4583,0.0489,-2.1880,1.2794,-1.4470,257.5672,257.52
11.896,0.0256,0.0137,1.1536,0.5920,-0.0635,0.0119,2.2282,-0.3686,257.4581,0.6790,-1.2729,1.2667,-1.4413,257.5652,257.52
11.916,0.0200,0.0356,1.1545,2.2790,-0.3917,0.0119,2.2738,-0.3765,257.4579,1.7684,-0.9929,1.3305,-1.4309,257.5632,257.52
11.936,0.0061,0.0183,1.1565,0.5309,-0.5139,-1.6599,2.2844,-0.3867,257.4911,0.9071,-0.3023,1.3238,-1.3956,257.6022,257.74
11.956,0.0051,0.0371,1.1384,2.1416,-0.4375,0.3248,2.3272,-0.3955,257.4846,1.8670,-0.2579,1.3866,-1.3585,257.6029,257.77
11.976,0.0344,0.0540,1.1223,-0.3241,-0.3612,0.3325,2.3208,-0.4027,257.4779,2.7524,-1.7548,1.4350,-1.3813,257.6035,257.78
11.996,0.0430,0.0193,1.0930,0.0882,0.3716,-0.2019,2.3225,-0.3953,257.4820,1.0109,-2.2509,1.4198,-1.4089,257.6144,257.78
12.016,0.0493,-0.0022,1.0696,0.2561,0.0052,-0.1332,2.3276,-0.3952,257.4846,-0.1177,-2.6399,1.3632,-1.4581,257.6236,257.78
12.036,0.0559,0.0120,1.0984,0.0118,0.3793,-0.1484,2.3279,-0.3876,257.4876,0.6240,-2.9137,1.3338,-1.5090,257.6327,257.78
12.056,0.0496,0.0034,1.1509,-1.5836,0.5090,-0.3469,2.2962,-0.3774,257.4945,0.1702,-2.4658,1.2569,-1.5375,257.6355,257.54
12.076,0.0276,0.0132,1.1538,-1.4004,0.0281,-0.2171,2.2682,-0.3769,257.4989,0.6546,-1.3696,1.2059,-1.5303,257.6343,257.50
12.096,0.0146,0.0334,1.1448,0.6759,-0.1169,0.0119,2.2817,-0.3792,257.4986,1.6736,-0.7328,1.2376,-1.5006,257.6284,257.49
12.116,-0.0093,0.0251,1.1665,2.3019,-0.3612,0.1111,2.3278,-0.3864,257.4964,1.2349,0.4556,1.2817,-1.4293,257.6165,257.38
12.136,-0.0046,0.0486,1.1206,0.4546,-0.5215,0.4241,2.3369,-0.3968,257.4879,2.4825,0.2369,1.3385,-1.3727,257.5984,257.37
12.156,0.0100,0.0388,1.0640,0.1798,0.3411,-0.2324,2.3404,-0.3900,257.4926,2.0895,-0.5387,1.3719,-1.3327,257.5935,257.36
12.176,0.0027,0.0330,1.1111,-0.0187,-0.2620,0.1493,2.3401,-0.3953,257.4896,1.6991,-0.1384,1.3847,-1.2900,257.5815,257.36
12.197,0.0361,0.0415,1.0596,-0.4233,0.2266,0.0500,2.3316,-0.3907,257.4886,2.2432,-1.9516,1.4109,-1.3121,257.5708,257.34
12.217,0.0571,0.0029,1.1045,-0.3317,0.1808,0.0042,2.3250,-0.3871,257.4885,0.1520,-2.9609,1.3542,-1.3746,257.5614,257.34
12.237,0.0603,0.0020,1.1069,0.3019,0.4022,-0.2248,2.3310,-0.3791,257.4930,0.1011,-3.1182,1.3098,-1.4366,257.5567,257.34
12.257,0.0588,0.0083,1.1077,0.3019,0.1197,-0.1637,2.3371,-0.3767,257.4963,0.4294,-3.0405,1.2804,-1.4985,257.5627,257.63
12.277,0.0461,-0.0010,1.1560,0.5767,-0.0788,-0.2248,2.3486,-0.3783,257.5008,-0.0484,-2.2858,1.2383,-1.5315,257.5714,257.67
12.297,0.0259,0.0244,1.1743,0.5385,-0.5597,0.2561,2.3594,-0.3894,257.4957,1.1910,-1.2622,1.2468,-1.5315,257.5708,257.68
12.317,0.0132,0.0349,1.1665,-0.3699,0.0205,-0.0568,2.3520,-0.3890,257.4968,1.7143,-0.6472,1.2584,-1.4957,257.5753,257.66
12.337,-0.0073,0.0337,1.1521,0.4851,-0.3917,0.2943,2.3617,-0.3969,257.4909,1.6751,0.3641,1.2844,-1.4288,257.5729,257.66
12.357,0.0142,0.0615,1.1135,0.0042,-0.5062,0.3630,2.3617,-0.4070,257.4836,3.1624,-0.7275,1.3596,-1.4105,257.5691,257.65
12.377,0.0413,0.0432,1.1177,-0.0645,-0.1780,2.1569,2.3605,-0.4106,257.4405,2.2141,-2.1126,1.3925,-1.4420,257.5310,257.65
12.397,0.0459,0.0100,1.0679,-0.3164,0.1961,0.0119,2.3541,-0.4066,257.4403,0.5371,-2.4610,1.3522,-1.4790,257.5194,257.25
12.417,0.0532,0.0132,1.0737,-0.1866,0.2877,-0.2935,2.3504,-0.4009,257.4461,0.7035,-2.8375,1.3227,-1.5278,257.5118,257.19
12.437,0.0527,0.0063,1.1204,0.3477,0.2953,-0.2859,2.3573,-0.3950,257.4519,0.3246,-2.6948,1.2894,-1.5688,257.5040,257.18
12.457,0.0361,0.0295,1.1570,0.3706,-0.3765,0.4546,2.3648,-0.4025,257.4428,1.4626,-1.7882,1.3035,-1.5848,257.4973,257.56
12.477,0.0132,0.0295,1.1360,0.6683,-0.0864,-0.0416,2.3781,-0.4042,257.4436,1.4896,-0.6647,1.3238,-1.5497,257.5005,257.56
12.497,0.0020,0.0251,1.1748,0.4393,-0.0482,0.1951,2.3869,-0.4052,257.4397,1.2262,-0.0952,1.3283,-1.4924,257.5012,257.61
12.518,-0.0107,0.0459,1.1553,-1.5531,-0.3688,-1.6217,2.3559,-0.4126,257.4721,2.2751,0.5323,1.3363,-1.4185,257.5371,257.62
12.538,0.0002,0.0588,1.1152,0.3706,-0.3307,0.3630,2.3633,-0.4192,257.4649,3.0200,-0.0125,1.4108,-1.3686,257.5389,257.76
12.558,0.0095,0.0286,1.1101,-0.1866,-0.4070,0.4012,2.3595,-0.4273,257.4568,1.4740,-0.4913,1.4097,-1.3413,257.5407,257.78
12.578,0.0312,0.0393,1.0884,0.0042,-0.0329,2.0806,2.3596,-0.4280,257.4152,2.0683,-1.6436,1.4362,-1.3541,257.5103,257.78
12.598,0.0537,0.0093,1.1091,0.1721,0.3869,-0.2859,2.3631,-0.4202,257.4209,0.4792,-2.7724,1.4012,-1.4034,257.4998,257.11
12.618,0.0557,0.0122,1.1067,-1.5225,-0.0711,0.1722,2.3326,-0.4217,257.4175,0.6320,-2.8793,1.3412,-1.4638,257.4768,257.01
12.638,0.0503,0.0044,1.0979,0.2256,0.3793,-0.4080,2.3371,-0.4141,257.4257,0.2293,-2.6228,1.3011,-1.5028,257.4660,257.01
12.658,0.0457,0.0142,1.1389,0.6454,0.1503,-0.1561,2.3500,-0.4111,257.4288,0.7123,-2.2953,1.2899,-1.5317,257.4769,257.66
12.678,0.0388,0.0142,1.1318,0.8821,-0.0100,0.0195,2.3677,-0.4113,257.4284,0.7168,-1.9641,1.2839,-1.5492,257.4879,257.76
12.698,0.0242,0.0203,1.1504,0.3782,-0.2925,0.1111,2.3752,-0.4171,257.4262,1.0091,-1.2034,1.2802,-1.5409,257.4974,257.78
12.718,0.0002,0.0205,1.1863,0.3477,-0.5139,0.2256,2.3822,-0.4274,257.4217,0.9904,-0.0118,1.2753,-1.4896,257.5053,257.80
12.738,0.0059,0.0383,1.1262,1.9813,-0.3307,0.3019,2.4218,-0.4340,257.4156,1.9493,-0.2979,1.3403,-1.4483,257.5117,257.81
12.758,0.0300,0.0137,1.0925,0.4927,0.3640,-0.3546,2.4317,-0.4267,257.4227,0.7170,-1.5743,1.3248,-1.4464,257.5304,257.81
12.778,0.0474,0.0344,1.0803,-0.0798,0.2266,0.0042,2.4301,-0.4222,257.4226,1.8251,-2.5091,1.3433,-1.4845,257.5414,257.81
12.798,0.0442,0.0044,1.0703,-0.3317,0.2342,-0.1484,2.4234,-0.4175,257.4256,0.2352,-2.3642,1.2926,-1.5152,257.5433,257.52
12.819,0.0588,0.0103,1.1003,-0.0416,0.3411,-0.1942,2.4226,-0.4107,257.4295,0.5339,-3.0607,1.2614,-1.5705,257.5442,257.47
12.839,0.0459,0.0105,1.1379,0.2332,0.3793,-0.2935,2.4273,-0.4031,257.4354,0.5286,-2.3097,1.2366,-1.5928,257.5467,257.47
12.859,0.0271,-0.0044,1.1582,-1.4309,-0.0024,-0.2630,2.3987,-0.4032,257.4406,-0.2174,-1.3404,1.1510,-1.5827,257.5494,257.49
12.879,0.0173,0.0276,1.1555,0.6759,-0.1017,-0.0568,2.4122,-0.4052,257.4417,1.3677,-0.8592,1.1726,-1.5557,257.5483,257.49
12.899,0.0012,0.0466,1.1238,0.3859,-0.4452,0.3401,2.4199,-0.4141,257.4349,2.3761,-0.0622,1.2282,-1.5045,257.5396,257.49
12.919,-0.0059,0.0286,1.1650,-0.1103,0.2037,-0.0339,2.4177,-0.4100,257.4356,1.4045,0.2881,1.2331,-1.4289,257.5501,257.79
12.939,0.0007,0.0564,1.1157,2.1569,-0.5826,0.3706,2.4608,-0.4217,257.4282,2.8937,-0.0376,1.3409,-1.3845,257.5525,257.79
12.959,0.0105,0.0342,1.1152,-0.1866,-2.5139,0.4241,2.4571,-0.4720,257.4197,1.7555,-0.5391,1.3539,-1.3989,257.5555,257.83
12.979,0.0308,0.0232,1.0891,-0.1790,0.0129,0.2790,2.4535,-0.4717,257.4142,1.2200,-1.6175,1.3451,-1.4074,257.5614,257.84
12.999,0.0422,0.0222,1.0610,-0.1332,0.1808,-0.0874,2.4508,-0.4681,257.4159,1.1995,-2.2791,1.3368,-1.4388,257.5571,257.41
13.019,0.0593,0.0298,1.0813,0.0882,0.4022,-0.2935,2.4526,-0.4600,257.4218,1.5779,-3.1392,1.3481,-1.4991,257.5543,257.35
13.039,0.0583,0.0125,1.1003,0.0424,0.3640,-0.1866,2.4535,-0.4528,257.4255,0.6483,-3.0353,1.3209,-1.5536,257.5492,257.34
13.059,0.0291,0.0095,1.1602,0.0653,-0.0024,0.1187,2.4548,-0.4528,257.4231,0.4702,-1.4345,1.2881,-1.5488,257.5505,257.64
13.079,0.0176,0.0376,1.1572,0.8210,-0.1475,-0.1637,2.4712,-0.4558,257.4264,1.8609,-0.8698,1.3268,-1.5245,257.5572,257.64
13.100,-0.0122,0.0254,1.1555,0.5233,0.0052,0.0958,2.4816,-0.4557,257.4245,1.2588,0.6051,1.3341,-1.4392,257.5604,257.68
13.120,-0.0083,0.0364,1.0713,0.2943,0.0510,0.1493,2.4875,-0.4546,257.4215,1.9448,0.4437,1.3642,-1.3629,257.5628,257.69
13.140,-0.0156,0.0203,1.0771,-1.5149,-0.0100,-1.6599,2.4572,-0.4548,257.4547,1.0777,0.8309,1.3237,-1.2754,257.5921,257.50
13.160,0.0325,0.0210,1.1167,-0.1485,0.3716,-0.4614,2.4543,-0.4474,257.4639,1.0771,-1.6652,1.3110,-1.2838,257.5961,257.47
13.180,0.0100,0.0254,1.1047,-1.3622,0.0205,-0.1255,2.4270,-0.4470,257.4664,1.3166,-0.5190,1.2850,-1.2528,257.5934,257.47
13.200,0.0552,-0.0095,1.1396,2.3019,-0.4146,0.5004,2.4731,-0.4553,257.4564,-0.4787,-2.7717,1.2587,-1.3216,257.5655,257.13
13.220,0.0652,0.0356,1.0735,0.1950,-0.1169,0.0271,2.4770,-0.4576,257.4559,1.9018,-3.4730,1.2881,-1.4099,257.5457,257.08
13.240,0.0569,0.0107,1.1555,2.1263,0.4556,-1.6217,2.5195,-0.4485,257.4883,0.5326,-2.8182,1.2987,-1.4574,257.5583,257.08
13.260,0.0513,-0.0156,1.1619,-0.1103,0.1197,-0.3317,2.5173,-0.4461,257.4950,-0.7705,-2.5264,1.2139,-1.4979,257.5724,257.75
13.280,0.0054,0.0344,1.1016,2.2103,-0.3383,0.2638,2.5615,-0.4529,257.4897,1.7899,-0.2792,1.2793,-1.4556,257.5785,257.85
13.300,0.0220,0.0322,1.1187,-0.3775,-0.1551,2.0195,2.5539,-0.4560,257.4493,1.6501,-1.1248,1.2869,-1.4454,257.5506,257.85
13.320,-0.0115,0.0459,1.1125,-0.0416,0.3564,-0.0492,2.5531,-0.4489,257.4503,2.3624,0.5904,1.3291,-1.3571,257.5642,257.87
13.341,0.0151,-0.0112,1.1594,1.9126,0.2495,-0.2477,2.5914,-0.4439,257.4552,-0.5550,-0.7479,1.2905,-1.3280,257.5811,257.87
13.361,0.0049,0.0347,1.0955,-1.4157,-0.3536,-0.3164,2.5630,-0.4509,257.4616,1.8126,-0.2553,1.2842,-1.2918,257.5987,257.87
13.381,0.0015,0.0300,1.0898,-1.3088,-0.4681,-1.6675,2.5369,-0.4603,257.4949,1.5783,-0.0770,1.2708,-1.2522,257.6415,257.87
13.401,0.0425,0.0276,1.1099,-0.4309,0.5090,-0.1561,2.5282,-0.4501,257.4980,1.4239,-2.1913,1.2687,-1.2800,257.6536,257.87
13.421,0.0486,0.0308,1.0942,2.2103,-0.2085,-0.2630,2.5725,-0.4543,257.5033,1.6103,-2.5413,1.3248,-1.3345,257.6672,257.87
13.441,0.0476,0.0122,1.1523,0.4011,-0.3307,2.1951,2.5805,-0.4609,257.4594,0.6069,-2.3656,1.3038,-1.3821,257.6332,257.87
13.461,0.0186,0.0327,1.1587,2.0500,0.0739,-0.0797,2.6215,-0.4594,257.4610,1.6173,-0.9171,1.3557,-1.3620,257.6377,257.71
13.481,0.0464,0.0259,1.0701,-1.4844,-0.3536,0.2867,2.5918,-0.4665,257.4552,1.3854,-2.4815,1.3284,-1.4136,257.6341,257.69
13.501,0.0244,0.0376,1.1121,-0.4538,0.2113,-0.2095,2.5827,-0.4623,257.4594,1.9364,-1.2569,1.3440,-1.4033,257.6402,257.69
13.521,0.0083,0.0459,1.1211,-0.0645,0.2800,-0.1790,2.5814,-0.4567,257.4630,2.3444,-0.4239,1.3828,-1.3587,257.6345,257.41
13.541,0.0024,0.0090,1.1587,0.4775,-2.4833,2.1874,2.5910,-0.5063,257.4193,0.4467,-0.1207,1.3545,-1.3569,257.5820,257.37
13.561,0.0054,0.0447,1.0762,2.2485,0.4480,0.2027,2.6359,-0.4974,257.4152,2.3773,-0.2857,1.4386,-1.3054,257.5694,257.37
13.582,0.0334,0.0334,1.1147,-1.4157,-0.1856,0.4012,2.6076,-0.5011,257.4072,1.7186,-1.7178,1.4226,-1.3255,257.5535,257.37
13.602,0.0388,0.0015,1.1545,0.4469,-0.3383,-0.2019,2.6166,-0.5079,257.4112,0.0727,-1.9257,1.3772,-1.3560,257.5498,257.36
13.622,0.0415,-0.0125,1.1777,0.0195,-0.0558,-1.6370,2.6170,-0.5090,257.4440,-0.6057,-2.0182,1.2982,-1.3836,257.5738,257.36
13.642,0.0476,0.0115,1.1675,0.3859,-0.3917,0.4012,2.6247,-0.5168,257.4359,0.5631,-2.3350,1.2762,-1.4291,257.5577,257.36
13.662,0.0503,0.0308,1.1375,0.5233,-0.2925,2.0500,2.6351,-0.5227,257.3949,1.5492,-2.5308,1.2972,-1.4788,257.5170,257.52
13.682,0.0117,0.0339,1.0796,0.2103,0.0663,0.0806,2.6393,-0.5213,257.3933,1.8004,-0.6216,1.3214,-1.4433,257.5166,257.55
13.702,0.0002,0.0342,1.1641,-1.5073,-0.3765,1.9661,2.6092,-0.5289,257.3540,1.6819,-0.0120,1.3068,-1.3932,257.4803,257.55
13.722,-0.0139,0.0513,1.0872,0.0118,0.3945,-0.0339,2.6094,-0.5210,257.3547,2.7000,0.7326,1.3628,-1.3006,257.4837,257.55
13.742,-0.0090,0.0295,1.0471,0.1263,-0.1704,0.2332,2.6120,-0.5244,257.3500,1.6160,0.4941,1.3754,-1.2321,257.4820,257.55
13.762,0.0439,0.0056,1.1104,-1.1943,-0.1322,-1.6217,2.5881,-0.5270,257.3825,0.2898,-2.2664,1.3090,-1.2760,257.5159,257.55
13.782,0.0032,0.0159,1.1035,-1.3470,-0.5597,2.1035,2.5611,-0.5382,257.3404,0.8239,-0.1648,1.2637,-1.2423,257.4769,257.55
13.802,0.0334,0.0088,1.1125,2.2637,-0.3612,2.2103,2.6064,-0.5454,257.2962,0.4526,-1.7219,1.2748,-1.2684,257.4311,257.39
13.823,0.0520,0.0483,1.1228,0.1874,-0.0406,-1.6294,2.6102,-0.5462,257.3288,2.4652,-2.6493,1.3260,-1.3245,257.4599,257.37
13.843,0.0461,0.0090,1.1436,-0.1637,0.0968,-1.6065,2.6069,-0.5443,257.3609,0.4526,-2.3106,1.2879,-1.3620,257.4870,257.37
13.863,0.0300,0.0134,1.1826,-0.1790,0.1350,-0.2935,2.6033,-0.5416,257.3668,0.6505,-1.4545,1.2590,-1.3631,257.5093,257.90
13.883,0.0000,0.0388,1.1360,0.6301,-0.4986,0.4012,2.6159,-0.5516,257.3587,1.9571,-0.0000,1.2990,-1.3182,257.5205,257.98
13.903,-0.0122,0.0601,1.0874,-1.5378,-0.4375,-0.2095,2.5852,-0.5603,257.3629,3.1613,0.6422,1.3439,-1.2482,257.5431,257.98
13.923,-0.0120,0.0547,1.1152,-0.1637,0.3258,-0.2782,2.5819,-0.5538,257.3685,2.8074,0.6138,1.3993,-1.1674,257.5665,257.99
13.943,0.0029,0.0227,1.1594,0.5156,-0.5139,0.2790,2.5922,-0.5641,257.3629,1.1219,-0.1447,1.3981,-1.1364,257.5783,258.00
13.963,0.0046,0.0244,1.0764,0.3859,0.2648,-0.0034,2.5999,-0.5588,257.3630,1.2993,-0.2468,1.4016,-1.0957,257.5951,258.00
13.983,0.0337,-0.0076,1.0964,0.7523,-0.2391,-1.6446,2.6150,-0.5636,257.3959,-0.3955,-1.7600,1.3442,-1.1269,257.6428,258.00
14.003,0.0588,0.0046,1.1587,0.5233,1.3029,0.2790,2.6254,-0.5375,257.3903,0.2294,-2.9069,1.3096,-1.1731,257.6291,257.43
14.023,0.0505,0.0413,1.0999,2.2790,-0.3994,0.0119,2.6710,-0.5455,257.3901,2.1484,-2.6290,1.3869,-1.2390,257.6177,257.35
14.043,0.0520,0.0105,1.1138,-0.2859,0.4403,-1.4843,2.6653,-0.5367,257.4198,0.5400,-2.6731,1.3476,-1.2879,257.6355,257.35
14.064,0.0286,0.0417,1.1213,-0.3317,0.1961,0.1035,2.6586,-0.5328,257.4177,2.1322,-1.4582,1.3726,-1.2909,257.6462,257.95
14.084,-0.0071,0.0151,1.1089,0.6683,-0.3841,2.1493,2.6720,-0.5405,257.3747,0.7821,0.3658,1.3618,-1.2320,257.6207,258.04
14.106,0.0134,0.0107,1.1511,2.2714,-0.1017,1.6225,2.7174,-0.5425,257.3422,0.5347,-0.6683,1.3723,-1.2114,257.6064,258.04
14.126,0.0593,0.0034,1.1152,0.4698,-0.3994,0.2027,2.7268,-0.5505,257.3382,0.1756,-3.0450,1.3335,-1.2925,257.5988,257.51
14.146,0.0593,-0.0093,1.1277,-0.0492,0.4480,-0.3851,2.7259,-0.5415,257.3459,-0.4714,-3.0114,1.2603,-1.3526,257.5997,257.44
14.166,0.0537,-0.0034,1.1475,2.1492,-0.5062,0.1722,2.7688,-0.5517,257.3424,-0.1707,-2.6800,1.2444,-1.4154,257.5898,257.44
14.186,0.0498,0.0264,1.1421,0.5614,-0.4299,0.3248,2.7801,-0.5602,257.3360,1.3225,-2.4963,1.2583,-1.4669,257.5769,257.42
14.206,0.0076,0.0437,1.1438,2.0882,-0.3001,0.3096,2.8218,-0.5663,257.3298,2.1880,-0.3788,1.3355,-1.4292,257.5648,257.42
14.226,-0.0110,0.0449,1.1587,-0.1561,0.3411,-0.3393,2.8187,-0.5594,257.3365,2.2202,0.5428,1.3679,-1.3437,257.5655,257.42
14.246,-0.0083,0.0251,1.0889,-1.3088,-0.1551,-0.1332,2.7925,-0.5625,257.3392,1.3230,0.4367,1.3410,-1.2755,257.5623,257.42
14.266,0.0081,0.0347,1.1116,-1.3546,-0.4375,2.1416,2.7654,-0.5713,257.2964,1.7864,-0.4151,1.3328,-1.2495,257.5362,257.94
14.286,0.0540,0.0271,1.0691,0.4393,-0.4757,2.1187,2.7742,-0.5808,257.2540,1.4520,-2.8882,1.3460,-1.3242,257.5146,258.01
14.306,0.0771,0.0061,1.1707,2.0805,-0.1780,-0.2553,2.8158,-0.5844,257.2591,0.2987,-3.7704,1.3441,-1.4254,257.5395,258.01
14.326,0.0613,0.0115,1.1533,1.8973,0.0587,-0.1561,2.8538,-0.5832,257.2622,0.5700,-3.0413,1.3495,-1.4889,257.5359,257.38
14.346,0.0269,0.0261,1.0874,0.5843,-0.2162,2.1111,2.8655,-0.5875,257.2200,1.3762,-1.4143,1.3618,-1.4901,257.4851,257.28
14.367,0.0420,0.0281,1.1470,-0.2095,0.4174,-0.0568,2.8613,-0.5792,257.2211,1.4022,-2.0961,1.3594,-1.5063,257.4779,257.28
14.387,0.0210,0.0264,1.1150,-0.1179,0.4938,-0.3011,2.8589,-0.5693,257.2272,1.3547,-1.0785,1.3570,-1.4797,257.4752,257.26
14.407,-0.0046,0.0125,1.1406,2.0042,0.0968,-0.1866,2.8990,-0.5673,257.2309,0.6254,0.2330,1.3662,-1.4094,257.4702,257.26
14.427,-0.0100,0.0410,1.0754,-1.5225,-0.5215,1.7523,2.8686,-0.5778,257.1959,2.1841,0.5329,1.3697,-1.3417,257.4283,257.26
14.447,0.0051,0.0393,1.0967,0.3324,-0.1475,0.2256,2.8752,-0.5807,257.1913,2.0527,-0.2677,1.4034,-1.3016,257.4173,257.26
14.467,0.0391,0.0107,1.1414,2.1874,-0.2543,0.1951,2.9189,-0.5858,257.1874,0.5392,-1.9601,1.4108,-1.3328,257.4324,257.89
14.487,0.0566,0.0015,1.1699,0.3172,-0.3994,0.2638,2.9253,-0.5938,257.1822,0.0717,-2.7718,1.3633,-1.3980,257.4492,257.98
14.507,0.0522,0.0044,1.1514,0.5080,-2.3841,0.0958,2.9355,-0.6415,257.1802,0.2187,-2.5981,1.3273,-1.4918,257.4686,257.98
14.527,0.0293,0.0378,1.1580,0.0424,0.2571,-0.3775,2.9363,-0.6363,257.1878,1.8717,-1.4485,1.3499,-1.4851,257.4764,257.48
14.547,-0.0100,-0.0137,1.1462,-1.4309,-0.3917,-0.0263,2.9077,-0.6442,257.1883,-0.6834,0.5003,1.2411,-1.4132,257.4741,257.41
14.567,-0.0120,0.0559,1.0625,-0.0416,-0.4604,1.7294,2.9068,-0.6534,257.1537,3.0121,0.6442,1.3111,-1.3398,257.4381,257.41
14.587,-0.0083,0.0183,1.0752,0.3095,0.0358,-1.6828,2.9130,-0.6527,257.1874,0.9757,0.4423,1.3036,-1.2678,257.4687,257.39
14.608,0.0059,0.0024,1.0886,0.3477,-0.0635,-1.5836,2.9200,-0.6539,257.2191,0.1285,-0.3084,1.2633,-1.2306,257.4961,257.39
14.628,0.0178,0.0068,1.1108,0.6607,-0.5520,2.0958,2.9332,-0.6650,257.1771,0.3526,-0.9192,1.2396,-1.2288,257.4517,257.39
14.648,0.0408,0.0146,1.1453,2.2332,1.3640,0.3630,2.9779,-0.6377,257.1699,0.7328,-2.0387,1.2622,-1.2350,257.4424,257.39
14.668,0.0591,0.0242,1.1191,-0.0645,0.3564,-0.2477,2.9766,-0.6306,257.1748,1.2372,-3.0213,1.2599,-1.2996,257.4603,257.77
14.688,0.0547,0.0044,1.1011,-1.3851,-0.3154,2.0577,2.9489,-0.6369,257.1337,0.2287,-2.8434,1.1921,-1.3674,257.4356,257.83
14.708,0.0154,0.0349,1.1411,-0.1256,0.2571,-0.4309,2.9464,-0.6317,257.1423,1.7524,-0.7719,1.2121,-1.3386,257.4596,257.83
14.728,-0.0117,0.0205,1.1104,-0.2553,0.3945,-0.0950,2.9413,-0.6238,257.1442,1.0581,0.6046,1.2010,-1.2533,257.4613,257.46
14.748,0.0051,0.0015,1.1553,1.7752,0.2724,-0.3164,2.9768,-0.6184,257.1505,0.0726,-0.2543,1.1900,-1.2082,257.4651,257.40
14.768,0.0044,0.0325,1.1174,-1.5531,-0.4757,2.1111,2.9457,-0.6279,257.1083,1.6645,-0.2252,1.1791,-1.1780,257.4220,257.40
14.789,0.0303,0.0034,1.1028,0.4927,-0.5597,0.3935,2.9556,-0.6391,257.1004,0.1776,-1.5725,1.1485,-1.2045,257.4134,257.39
14.809,0.0371,0.0386,1.0635,0.0576,-0.0711,0.0500,2.9567,-0.6405,257.0994,2.0773,-1.9972,1.1868,-1.2376,257.4116,257.39
14.829,0.0542,0.0046,1.1423,-1.4920,-0.1475,-0.3469,2.9269,-0.6435,257.1064,0.2327,-2.7164,1.1200,-1.2996,257.4175,257.39
14.849,0.0522,0.0134,1.1631,0.3935,-0.3001,2.0348,2.9347,-0.6495,257.0657,0.6614,-2.5718,1.1092,-1.3562,257.3774,257.39
14.869,0.0139,0.0386,1.1008,-0.3011,0.5014,-0.1637,2.9287,-0.6394,257.0690,2.0069,-0.7238,1.1393,-1.3213,257.3964,257.77
14.889,0.0217,0.0234,1.1021,2.2714,-0.3536,0.0577,2.9741,-0.6465,257.0678,1.2183,-1.1293,1.1861,-1.3204,257.4126,257.83
14.909,0.0144,0.0571,1.1187,-0.2859,0.4327,-0.1942,2.9684,-0.6379,257.0717,2.9235,-0.7368,1.2501,-1.2887,257.4329,257.83
14.929,-0.0010,0.0347,1.0769,-1.4767,0.2419,0.0195,2.9389,-0.6330,257.0713,1.8438,0.0519,1.2455,-1.2305,257.4346,257.48
14.949,0.0276,-0.0005,1.1567,0.4622,-0.3459,2.0424,2.9481,-0.6399,257.0305,-0.0242,-1.3662,1.2036,-1.2425,257.3952,257.43
14.969,0.0496,0.0249,1.1213,2.2179,0.2266,-0.1103,2.9925,-0.6354,257.0327,1.2722,-2.5301,1.2489,-1.2897,257.3984,257.42
14.989,0.0347,-0.0088,1.1306,0.4011,-0.5062,0.4546,3.0005,-0.6455,257.0236,-0.4454,-1.7563,1.1888,-1.3181,257.3907,257.42
15.009,0.0576,0.0022,1.1489,0.5156,-0.3765,2.1340,3.0108,-0.6531,256.9809,0.1096,-2.8709,1.1556,-1.3874,257.3509,257.42
15.030,0.0361,0.0244,1.1155,1.8973,0.2419,-0.3393,3.0488,-0.6482,256.9877,1.2538,-1.8548,1.1959,-1.4015,257.3603,257.42
15.050,0.0239,0.0212,1.1221,-0.2172,0.0129,0.1264,3.0444,-0.6480,256.9851,1.0845,-1.2213,1.1873,-1.3940,257.3603,257.42
15.070,0.0090,0.0474,1.0989,0.2256,0.0434,-1.6141,3.0489,-0.6471,257.0174,2.4680,-0.4705,1.2429,-1.3562,257.4164,257.99
15.090,0.0020,0.0085,1.1228,-1.5760,-0.0406,-1.6675,3.0174,-0.6479,257.0508,0.4360,-0.0997,1.1803,-1.3068,257.4747,258.07
15.110,0.0151,0.0439,1.1028,-1.4691,-0.4604,1.8821,2.9880,-0.6571,257.0131,2.2820,-0.7858,1.1962,-1.2948,257.4625,258.07
15.130,0.0146,0.0173,1.1494,0.5767,-0.5520,0.3019,2.9996,-0.6682,257.0071,0.8640,-0.7301,1.1940,-1.2828,257.4372,256.98
15.150,0.0376,0.0193,1.1074,-1.2324,-0.2925,-1.5454,2.9749,-0.6740,257.0380,0.9978,-1.9442,1.1625,-1.3148,257.4419,256.81
15.170,0.0312,0.0076,1.1694,0.4775,-0.3078,1.6989,2.9845,-0.6802,257.0040,0.3708,-1.5307,1.1400,-1.3294,257.3841,256.81
15.190,0.0535,0.0134,1.1443,-0.0416,0.2037,-0.1179,2.9836,-0.6761,257.0064,0.6723,-2.6750,1.1205,-1.3793,257.3624,256.79
15.210,0.0212,0.0464,1.1030,0.7905,-0.4070,-1.6370,2.9995,-0.6842,257.0391,2.4081,-1.1022,1.1871,-1.3760,257.3707,256.78
15.230,-0.0012,0.0525,1.1082,-1.5683,-0.5520,1.6683,2.9681,-0.6953,257.0058,2.7119,0.0630,1.2180,-1.3291,257.3151,256.78
15.251,-0.0139,0.0447,1.0642,0.1798,0.1350,0.0729,2.9717,-0.6926,257.0043,2.4040,0.7485,1.2689,-1.2434,257.2924,256.78
15.271,0.0142,0.0183,1.1616,-0.0416,0.0129,-0.0950,2.9709,-0.6923,257.0062,0.9031,-0.6983,1.2535,-1.2213,257.2937,257.28
15.291,0.0239,0.0259,1.1062,-1.4538,0.1350,0.0424,2.9418,-0.6896,257.0054,1.3402,-1.2387,1.2290,-1.2194,257.2922,257.28
15.311,0.0327,-0.0156,1.1321,0.5156,-0.4681,2.1951,2.9521,-0.6990,256.9615,-0.7907,-1.6551,1.1581,-1.2458,257.2524,257.35
15.331,0.0420,0.0449,1.1050,0.0042,0.2648,-0.0416,2.9522,-0.6937,256.9623,2.3280,-2.1745,1.2050,-1.2779,257.2477,257.12
15.351,0.0598,0.0066,1.1443,-0.1027,-0.0635,-1.5683,2.9501,-0.6950,256.9936,0.3301,-2.9922,1.1681,-1.3477,257.2726,257.12
15.371,0.0439,0.0464,1.1597,-0.1790,0.2190,-0.4462,2.9465,-0.6906,257.0026,2.2906,-2.1684,1.2095,-1.3763,257.2735,257.08
15.391,0.0161,0.0427,1.0969,0.4317,-0.4986,0.3172,2.9552,-0.7005,256.9962,2.2305,-0.8409,1.2586,-1.3645,257.2865,257.75
15.411,0.0093,0.0315,1.1062,0.3477,-0.2849,-0.3927,2.9621,-0.7062,257.0041,1.6308,-0.4803,1.2802,-1.3346,257.3126,257.75
15.431,-0.0071,0.0315,1.0713,-1.5531,0.1732,0.1035,2.9311,-0.7028,257.0020,1.6839,0.3785,1.2665,-1.2627,257.3321,257.85
15.451,0.0286,-0.0083,1.1555,-1.4386,-0.4223,2.0348,2.9023,-0.7112,256.9613,-0.4116,-1.4160,1.1718,-1.2770,257.3144,257.87
15.471,0.0491,0.0369,1.1072,2.1950,0.5930,-0.0263,2.9462,-0.6994,256.9618,1.9070,-2.5364,1.2433,-1.3160,257.3371,257.87
15.492,0.0334,-0.0015,1.1274,0.5233,-0.3994,0.4699,2.9567,-0.7074,256.9524,-0.0744,-1.6993,1.2007,-1.3390,257.3493,257.87
15.512,0.0581,0.0190,1.1504,0.5156,-0.5444,2.0500,2.9670,-0.7182,256.9114,0.9484,-2.8911,1.2005,-1.4115,257.3308,257.87
15.532,0.0498,0.0247,1.1211,0.2103,-0.2162,-0.0874,2.9712,-0.7226,256.9132,1.2600,-2.5431,1.2069,-1.4609,257.3225,257.08
15.552,0.0283,0.0200,1.1099,-0.1637,0.2342,-1.6370,2.9679,-0.7179,256.9459,1.0334,-1.4615,1.1968,-1.4564,257.3443,257.08
15.572,0.0276,0.0586,1.1047,0.1798,0.0663,0.2561,2.9715,-0.7166,256.9408,3.0360,-1.4285,1.2738,-1.4541,257.3241,256.96
15.592,0.0007,0.0059,1.1235,-1.5607,-0.2085,-1.5301,2.9403,-0.7207,256.9714,0.2988,-0.0374,1.2049,-1.4014,257.3753,257.87
15.612,0.0115,0.0220,1.0920,0.9889,1.3258,2.0271,2.9601,-0.6942,256.9309,1.1527,-0.6019,1.2218,-1.3440,257.3561,257.87
15.632,0.0083,0.0271,1.1064,0.8439,-0.4070,0.5157,2.9769,-0.7024,256.9206,1.4030,-0.4297,1.2452,-1.3152,257.3721,258.00
15.652,0.0403,0.0105,1.0784,0.2256,-0.0024,-0.0187,2.9815,-0.7024,256.9209,0.5578,-2.1392,1.2221,-1.3482,257.3985,258.02
15.672,0.0483,0.0073,1.1560,2.1263,-0.4757,2.0424,3.0240,-0.7119,256.8801,0.3630,-2.3945,1.2285,-1.3992,257.3843,258.02
15.692,0.0498,-0.0110,1.1304,0.4240,-0.4146,0.0958,3.0325,-0.7202,256.8782,-0.5569,-2.5227,1.1653,-1.4521,257.4082,258.03
15.712,0.0186,0.0266,1.0999,-0.0721,0.1274,-0.4080,3.0310,-0.7177,256.8863,1.3860,-0.9662,1.1727,-1.4302,257.4408,258.03
15.733,-0.0061,0.0278,1.1414,-0.2477,0.2953,-0.1942,3.0261,-0.7118,256.8902,1.3969,0.3063,1.1769,-1.3551,257.4508,257.60
15.753,-0.0061,0.0405,1.0681,0.6683,-0.4070,1.9584,3.0394,-0.7199,256.8510,2.1729,0.3272,1.2296,-1.2956,257.4191,257.60
15.773,0.0139,0.0129,1.1196,0.3935,-0.4528,2.1874,3.0473,-0.7289,256.8073,0.6621,-0.7121,1.2144,-1.2810,257.3817,257.53
15.793,0.0112,-0.0115,1.1147,2.2790,-0.3917,2.1722,3.0929,-0.7368,256.7639,-0.5898,-0.5772,1.1860,-1.2603,257.3520,257.68
15.813,0.0334,0.0078,1.1511,0.3706,-0.2467,-0.2859,3.1003,-0.7417,256.7696,0.3889,-1.6643,1.1613,-1.2812,257.3708,257.68
15.833,0.0391,0.0122,1.1545,0.2790,-0.1933,2.0577,3.1059,-0.7456,256.7284,0.6058,-1.9377,1.1444,-1.3112,257.3447,257.71
15.853,0.0608,0.0237,1.0652,0.4546,-0.3459,0.4317,3.1150,-0.7525,256.7198,1.2736,-3.2656,1.1583,-1.3960,257.3510,257.71
15.873,0.0408,0.0359,1.1553,2.1721,0.0434,-0.1408,3.1584,-0.7516,256.7226,1.7793,-2.0202,1.2248,-1.4201,257.3681,257.71
15.893,0.0227,0.0464,1.1072,-0.3011,0.2113,-0.2401,3.1524,-0.7474,256.7274,2.3991,-1.1738,1.2660,-1.4062,257.3864,257.71
15.913,0.0110,0.0237,1.0723,0.1187,0.2953,-0.0568,3.1548,-0.7415,256.7285,1.2652,-0.5869,1.2683,-1.3678,257.4004,257.71
15.934,-0.0300,0.0381,1.1370,1.6454,0.3716,-0.0645,3.1877,-0.7341,256.7298,1.9186,1.5121,1.3259,-1.2455,257.4130,257.69
15.954,0.0056,0.0432,1.0945,-1.3928,-0.2314,0.5080,3.1598,-0.7387,256.7197,2.2610,-0.2937,1.3365,-1.2118,257.4142,257.69
15.974,0.0022,0.0103,1.1006,0.4546,1.3335,0.2790,3.1689,-0.7120,256.7141,0.5338,-0.1144,1.3132,-1.1423,257.4195,257.68
15.994,0.0500,0.0195,1.0974,-1.5302,-0.1093,-1.6141,3.1383,-0.7142,256.7464,1.0196,-2.6108,1.2720,-1.2032,257.4609,257.68
16.014,0.0520,0.0110,1.1641,2.1874,0.2648,0.1874,3.1820,-0.7089,256.7426,0.5407,-2.5577,1.2848,-1.2523,257.4661,257.68
16.034,0.0312,0.0229,1.1523,0.1111,0.2037,-0.3011,3.1843,-0.7048,256.7486,1.1409,-1.5531,1.2812,-1.2604,257.4805,257.68
16.054,0.0027,0.0349,1.1223,0.6454,1.3716,0.3783,3.1972,-0.6774,256.7411,1.7817,-0.1370,1.3136,-1.1891,257.4813,257.68
16.074,-0.0146,0.0500,1.0947,0.3630,-0.4986,-0.4614,3.2044,-0.6874,256.7503,2.6176,0.7658,1.3727,-1.1205,257.4981,257.68
16.094,-0.0066,0.0432,1.0750,-0.0263,-0.0329,-1.6446,3.2039,-0.6880,256.7832,2.3020,0.3511,1.4094,-1.0623,257.5370,257.68
16.114,0.0129,0.0142,1.1838,1.9660,0.2266,-0.3317,3.2432,-0.6835,256.7898,0.6853,-0.6262,1.4182,-1.0405,257.5491,257.68
16.134,0.0022,0.0171,1.1221,0.5004,0.1655,-0.3393,3.2532,-0.6802,256.7966,0.8726,-0.1122,1.4059,-1.0002,257.5609,257.68
16.155,0.0349,0.0056,1.1477,0.6989,-0.4146,0.4164,3.2672,-0.6885,256.7883,0.2803,-1.7423,1.3743,-1.0378,257.5577,257.68
16.175,0.0525,0.0020,1.1829,2.1340,-0.0406,-0.1103,3.3099,-0.6893,256.7905,0.0946,-2.5409,1.3641,-1.0987,257.5647,257.68
16.195,0.0586,0.0007,1.1084,-1.3164,-0.5215,0.5538,3.2836,-0.6997,256.7794,0.0379,-3.0260,1.2858,-1.1858,257.5534,257.55
16.215,0.0427,0.0334,1.1582,0.1645,0.1732,-0.1408,3.2869,-0.6963,256.7822,1.6542,-2.1117,1.3037,-1.2195,257.5558,257.55
16.235,-0.0020,0.0237,1.1113,-0.4233,0.3640,-0.1713,3.2784,-0.6890,256.7857,1.2207,0.1007,1.2922,-1.1597,257.5579,257.53
16.255,0.0122,0.0007,1.1436,0.5309,-0.3307,1.9661,3.2890,-0.6956,256.7463,0.0367,-0.6116,1.2522,-1.1442,257.5187,257.52
16.275,0.0117,0.0427,1.0977,-1.3088,-0.0100,-0.0187,3.2628,-0.6958,256.7467,2.2290,-0.6112,1.2662,-1.1230,257.5193,257.52
16.295,0.0181,0.0146,1.1201,-1.3622,-0.5062,-1.6446,3.2356,-0.7059,256.7796,0.7492,-0.9240,1.2193,-1.1248,257.5510,257.52
16.315,0.0317,0.0405,1.0938,-0.3699,0.6235,-0.2324,3.2282,-0.6935,256.7842,2.1220,-1.6610,1.2483,-1.1343,257.5543,257.52
16.335,0.0415,0.0129,1.1409,1.8439,0.3106,-1.6523,3.2651,-0.6872,256.8173,0.6498,-2.0833,1.2598,-1.1663,257.5847,257.52
16.355,0.0620,0.0066,1.1743,-0.1408,0.2266,-0.2706,3.2623,-0.6827,256.8227,0.3216,-3.0227,1.2196,-1.2362,257.5874,257.52
16.376,0.0371,0.0208,1.1067,0.6607,-0.5520,0.3783,3.2755,-0.6938,256.8151,1.0742,-1.9202,1.2264,-1.2741,257.5776,257.52
16.396,0.0266,0.0386,1.1243,0.0576,-0.5062,1.6607,3.2766,-0.7039,256.7819,1.9651,-1.3551,1.2571,-1.2871,257.5435,257.52
16.416,-0.0117,0.0474,1.0889,-1.4920,0.1045,0.0119,3.2468,-0.7018,256.7817,2.4907,0.6160,1.2778,-1.2090,257.5639,258.06
16.436,-0.0095,0.0137,1.1492,-1.5760,-0.3307,2.0195,3.2153,-0.7084,256.7413,0.6816,0.4747,1.2237,-1.1480,257.5482,258.14
16.456,0.0212,0.0530,1.1123,-1.5531,-0.1093,-0.3851,3.1842,-0.7106,256.7490,2.7269,-1.0927,1.2540,-1.1479,257.5793,258.14
16.476,0.0569,0.0039,1.0967,-1.5378,-0.4223,-1.5607,3.1534,-0.7190,256.7802,0.2041,-2.9693,1.1825,-1.2288,257.5955,257.24
16.496,0.0610,0.0120,1.1411,2.2790,-0.2849,2.1722,3.1990,-0.7247,256.7368,0.6006,-3.0615,1.2030,-1.3076,257.5339,257.10
16.516,0.0613,0.0276,1.1045,0.6072,-0.4910,0.5157,3.2112,-0.7346,256.7265,1.4308,-3.1746,1.2237,-1.3917,257.5058,257.08
16.536,0.0210,0.0264,1.1616,-0.1027,0.5319,-0.1179,3.2091,-0.7239,256.7288,1.3003,-1.0352,1.2248,-1.3672,257.4909,257.08
16.556,0.0032,0.0166,1.1204,-1.5607,-0.0177,0.2409,3.1779,-0.7243,256.7240,0.8489,-0.1623,1.1798,-1.3194,257.4697,257.07
16.577,-0.0154,0.0024,1.0991,-0.0263,0.2724,0.0271,3.1774,-0.7188,256.7235,0.1273,0.8017,1.1372,-1.2293,257.4533,257.07
16.597,0.0098,0.0464,1.0854,0.7523,-0.2849,-0.3775,3.1924,-0.7245,256.7310,2.4470,-0.5150,1.2040,-1.2062,257.4454,257.07
16.617,0.0076,0.0352,1.1382,0.5080,-0.4604,1.8668,3.2026,-0.7337,256.6937,1.7692,-0.3808,1.2364,-1.1820,257.4282,257.91
16.637,0.0430,0.0200,1.0708,-1.4462,-0.5444,0.4470,3.1737,-0.7446,256.6847,1.0711,-2.2975,1.2020,-1.2371,257.4439,258.04
16.657,0.0500,-0.0037,1.1589,0.2866,0.0129,-0.3393,3.1794,-0.7444,256.6915,-0.1810,-2.4728,1.1522,-1.2863,257.4741,258.04
16.678,0.0569,0.0161,1.1577,1.8439,0.2419,-0.3240,3.2163,-0.7395,256.6980,0.7974,-2.8127,1.1734,-1.3427,257.4701,257.22
16.698,0.0212,0.0237,1.1057,0.6989,1.2648,0.3935,3.2302,-0.7142,256.6901,1.2269,-1.1002,1.1890,-1.3087,257.4475,257.10
16.718,0.0002,0.0361,1.1213,0.1874,-0.3765,-0.2859,3.2340,-0.7218,256.6958,1.8456,-0.0125,1.2188,-1.2641,257.4390,257.10
16.738,-0.0308,0.0459,1.0872,-1.5607,-0.0940,0.1722,3.2028,-0.7236,256.6924,2.4175,1.6193,1.2368,-1.1506,257.4212,257.08
16.758,0.0142,0.0417,1.1458,-0.1943,0.3869,-0.2630,3.1989,-0.7159,256.6977,2.0868,-0.7076,1.2671,-1.1254,257.4124,257.07
16.778,0.0020,0.0105,1.1323,2.2027,-0.4681,0.0271,3.2429,-0.7253,256.6971,0.5312,-0.0988,1.2799,-1.0933,257.3984,257.07
16.798,0.0181,0.0095,1.1218,2.2485,-0.3994,2.1416,3.2879,-0.7332,256.6543,0.4863,-0.9226,1.2914,-1.0942,257.3443,257.07
16.818,0.0571,0.0408,1.1038,0.5080,-0.2085,0.1187,3.2981,-0.7374,256.6519,2.1155,-2.9609,1.3341,-1.1728,257.3312,257.07
16.838,0.0403,0.0193,1.1433,1.8592,0.3411,-1.5759,3.3353,-0.7306,256.6834,0.9665,-2.0176,1.3551,-1.2001,257.3512,257.07
16.858,0.0254,0.0117,1.1851,-0.0874,0.1350,-0.2782,3.3335,-0.7279,256.6890,0.5666,-1.2274,1.3219,-1.1986,257.3455,257.07
16.878,0.0090,0.0344,1.1086,-1.3775,-0.0635,-1.6752,3.3060,-0.7292,256.7225,1.7785,-0.4666,1.3137,-1.1705,257.3614,256.94
16.899,-0.0085,0.0469,1.0986,-1.5607,-0.0558,-0.2401,3.2747,-0.7303,256.7273,2.4431,0.4452,1.3289,-1.1070,257.3483,256.92
16.919,0.0010,0.0356,1.0847,-1.5683,0.0968,0.0042,3.2434,-0.7283,256.7272,1.8821,-0.0516,1.3209,-1.0629,257.3310,256.92
16.939,0.0000,0.0317,1.0737,-1.5836,0.0968,0.2638,3.2117,-0.7264,256.7219,1.6931,-0.0000,1.3054,-1.0185,257.3417,257.73
16.959,0.0522,0.0051,1.0876,0.3630,-0.0940,0.2027,3.2190,-0.7283,256.7179,0.2701,-2.7501,1.2709,-1.0896,257.3581,257.85
16.979,0.0522,0.0015,1.1599,0.4775,-0.5673,0.3019,3.2285,-0.7396,256.7118,0.0724,-2.5790,1.2322,-1.1601,257.3719,257.85
16.999,0.0547,-0.0054,1.1501,0.5385,-2.3536,0.2867,3.2393,-0.7867,256.7061,-0.2676,-2.7222,1.1825,-1.2677,257.3861,257.87
17.019,0.0547,0.0239,1.1086,-0.2782,0.3487,-0.3011,3.2337,-0.7797,256.7121,1.2363,-2.8234,1.1793,-1.3233,257.4112,257.87
17.039,0.0215,0.0271,1.0681,2.0195,0.3106,-0.2171,3.2741,-0.7735,256.7165,1.4534,-1.1519,1.2291,-1.3104,257.4337,257.87
17.059,0.0085,0.0459,1.0967,-0.0340,0.3869,-0.0187,3.2734,-0.7658,256.7168,2.3966,-0.4460,1.2751,-1.2684,257.4514,257.87
17.079,0.0068,0.0498,1.0798,0.1874,-0.0329,0.1569,3.2772,-0.7664,256.7137,2.6408,-0.3623,1.3333,-1.2328,257.4425,257.30
17.099,0.0044,-0.0137,1.1147,0.2561,-0.0406,-1.6065,3.2823,-0.7673,256.7458,-0.7027,-0.2259,1.2568,-1.1933,257.4645,257.22
17.120,0.0442,0.0090,1.1252,0.5996,1.3487,0.4470,3.2943,-0.7403,256.7369,0.4599,-2.2488,1.2365,-1.2097,257.4461,257.22
17.140,0.0613,0.0271,1.1418,0.3935,-0.3383,0.3783,3.3022,-0.7470,256.7293,1.3596,-3.0711,1.2489,-1.2906,257.4499,257.72
17.160,0.0493,0.0381,1.1113,0.1874,0.4785,-0.0721,3.3059,-0.7375,256.7308,1.9628,-2.5394,1.2811,-1.3314,257.4651,257.80
17.180,0.0364,0.0295,1.1438,1.8744,0.3487,-1.5530,3.3434,-0.7305,256.7618,1.4795,-1.8210,1.3250,-1.3443,257.5082,257.80
17.200,0.0281,0.0239,1.1660,0.0195,0.2571,-0.1561,3.3438,-0.7254,256.7650,1.1755,-1.3791,1.3194,-1.3407,257.5231,257.81
17.220,-0.0129,0.0400,1.0708,0.3401,0.0587,0.0119,3.3506,-0.7242,256.7647,2.1414,0.6918,1.3588,-1.2583,257.5343,257.81
17.240,-0.0090,0.0488,1.1145,1.7447,0.4327,-0.0874,3.3855,-0.7155,256.7665,2.5086,0.4639,1.4383,-1.1811,257.5470,257.81
17.260,0.0032,0.0193,1.0925,-1.4615,-0.0482,0.4851,3.3563,-0.7165,256.7568,1.0114,-0.1664,1.3932,-1.1414,257.5482,257.81
17.280,0.0120,0.0342,1.1055,-1.3546,-0.4528,0.4470,3.3292,-0.7255,256.7478,1.7709,-0.6197,1.3823,-1.1293,257.5305,257.32
17.300,0.0547,0.0232,1.0798,-1.4996,-0.3917,2.2180,3.2992,-0.7334,256.7035,1.2304,-2.8986,1.3474,-1.2075,257.4765,257.25
17.320,0.0422,0.0266,1.1531,2.2790,-0.2162,2.0806,3.3448,-0.7377,256.6619,1.3221,-2.0972,1.3901,-1.2473,257.4274,257.25
17.341,0.0334,0.0349,1.1506,1.7828,0.0663,-0.3927,3.3804,-0.7364,256.6697,1.7379,-1.6643,1.4383,-1.2627,257.4425,257.62
17.361,0.0308,0.0200,1.1543,2.1034,-0.3536,2.1187,3.4225,-0.7435,256.6273,0.9936,-1.5263,1.4609,-1.2800,257.4109,257.67
17.381,0.0107,0.0510,1.1194,-0.3241,-0.3307,2.1187,3.4160,-0.7501,256.5850,2.6099,-0.5493,1.5006,-1.2571,257.3807,257.67
17.401,-0.0046,0.0591,1.0652,-0.0187,0.0968,0.1569,3.4156,-0.7481,256.5818,3.1747,0.2491,1.5672,-1.1950,257.3896,257.68
17.421,0.0081,0.0278,1.1565,2.0653,-0.0253,1.8897,3.4569,-0.7486,256.5440,1.3786,-0.3990,1.5993,-1.1637,257.3650,257.68
17.441,0.0144,0.0391,1.1113,0.5996,-0.1475,-0.2401,3.4689,-0.7516,256.5488,2.0131,-0.7421,1.6274,-1.1496,257.3822,257.68
17.461,0.0452,0.0127,1.1360,-1.4233,-0.3154,0.1951,3.4405,-0.7579,256.5449,0.6403,-2.2767,1.5606,-1.2008,257.3904,257.68
17.481,0.0415,-0.0059,1.1565,0.1874,-2.4146,-0.0874,3.4442,-0.8062,256.5467,-0.2903,-2.0553,1.4902,-1.2813,257.3875,257.28
17.501,0.0515,-0.0154,1.1501,-1.3393,-0.5215,0.4470,3.4174,-0.8166,256.5377,-0.7662,-2.5643,1.3742,-1.3427,257.3721,257.22
17.521,0.0498,0.0229,1.1599,1.9355,-0.1246,-0.1332,3.4561,-0.8191,256.5404,1.1335,-2.4582,1.4017,-1.3897,257.3684,257.22
17.541,0.0210,0.0212,1.1118,-0.0111,0.3258,-0.2782,3.4559,-0.8126,256.5460,1.0945,-1.0817,1.3892,-1.3711,257.3844,257.64
17.562,-0.0051,-0.0144,1.1580,-0.3088,0.3640,-0.3240,3.4497,-0.8053,256.5524,-0.7127,0.2537,1.2992,-1.2991,257.4032,257.70
17.582,-0.0149,0.0354,1.1033,-1.5683,0.4632,0.2638,3.4184,-0.7960,256.5472,1.8378,0.7730,1.2906,-1.2073,257.4100,257.70
17.602,0.0037,0.0115,1.1074,0.4469,-0.3230,2.2103,3.4273,-0.8025,256.5030,0.5937,-0.1895,1.2713,-1.1728,257.3795,257.71
17.622,0.0623,0.0188,1.1006,0.5080,-0.3994,1.9966,3.4375,-0.8105,256.4630,0.9786,-3.2371,1.2694,-1.2631,257.3544,257.71
17.642,0.0564,0.0085,1.1489,0.4851,-0.4528,0.4012,3.4472,-0.8195,256.4550,0.4261,-2.8101,1.2450,-1.3336,257.3609,257.71
17.662,0.0554,0.0000,1.1582,0.4469,-0.4833,0.2867,3.4561,-0.8292,256.4493,0.0000,-2.7395,1.2038,-1.3992,257.3694,257.71
17.682,0.0344,0.0439,1.1218,-0.2172,0.4938,-0.2324,3.4518,-0.8193,256.4539,2.2433,-1.7563,1.2412,-1.4040,257.3767,257.44
17.702,0.0210,0.0361,1.1162,-1.5378,-0.3383,-0.0568,3.4210,-0.8261,256.4551,1.8541,-1.0771,1.2362,-1.3974,257.3787,257.40
17.722,-0.0112,0.0481,1.1011,-0.4386,0.4098,-0.3393,3.4122,-0.8179,256.4618,2.5011,0.5838,1.2783,-1.3103,257.3861,257.40
17.742,-0.0083,0.0349,1.0630,0.1798,0.0205,-1.5530,3.4158,-0.8175,256.4929,1.8811,0.4472,1.3059,-1.2396,257.4280,257.69
17.763,0.0154,0.0283,1.1108,0.1645,0.0358,0.1416,3.4191,-0.8168,256.4901,1.4604,-0.7930,1.3152,-1.2210,257.4374,257.73
17.783,0.0122,0.0166,1.0950,2.3172,-0.5444,1.8287,3.4655,-0.8277,256.4535,0.8686,-0.6386,1.3419,-1.2082,257.4141,257.73
17.803,0.0547,0.0042,1.1428,-1.5836,-2.4299,-0.0034,3.4338,-0.8763,256.4536,0.2081,-2.7397,1.2661,-1.3161,257.4272,257.74
17.823,0.0593,0.0620,1.0796,-1.3470,-0.2162,-1.6599,3.4068,-0.8806,256.4868,3.2875,-3.1402,1.3211,-1.3932,257.4715,257.74
17.843,0.0166,0.0361,1.1270,1.9584,0.4480,-1.6217,3.4460,-0.8716,256.5192,1.8364,-0.8436,1.3793,-1.3626,257.5134,257.74
17.863,0.0029,0.0369,1.1440,-0.3088,0.3258,-0.3393,3.4398,-0.8651,256.5260,1.8456,-0.1466,1.3920,-1.3077,257.5290,257.74
17.883,-0.0076,0.0225,1.0930,0.3172,0.0052,0.1111,3.4462,-0.8650,256.5238,1.1772,0.3966,1.3895,-1.2394,257.5181,257.31
17.903,0.0142,0.0449,1.0950,1.8744,0.4632,-0.1942,3.4837,-0.8557,256.5277,2.3493,-0.7403,1.4639,-1.2106,257.5109,257.24
17.923,0.0061,0.0349,1.0518,0.3172,0.0816,0.0729,3.4900,-0.8541,256.5262,1.9012,-0.3323,1.4875,-1.1739,257.4988,257.24
17.943,0.0168,0.0146,1.1174,-1.1637,1.3487,0.3935,3.4667,-0.8271,256.5183,0.7510,-0.8636,1.4357,-1.1356,257.4969,257.64
17.963,0.0342,0.0393,1.1035,-0.2477,0.4022,-0.2324,3.4618,-0.8191,256.5230,2.0400,-1.7730,1.4551,-1.1534,257.5095,257.70
17.984,0.0459,0.0093,1.1445,1.8515,0.1579,-1.6675,3.4988,-0.8159,256.5563,0.4644,-2.2964,1.4510,-1.1960,257.5491,257.70
18.004,0.0554,0.0132,1.1658,-0.0034,0.2877,-0.3546,3.4987,-0.8102,256.5634,0.6479,-2.7216,1.4188,-1.2515,257.5623,257.71
18.024,0.0144,0.0132,1.1272,2.1492,0.1884,-0.2019,3.5417,-0.8064,256.5674,0.6701,-0.7321,1.4302,-1.2272,257.5721,257.71
18.044,-0.0085,0.0508,1.0872,-0.0263,0.2877,0.0119,3.5412,-0.8007,256.5672,2.6743,0.4498,1.4794,-1.1545,257.5774,257.71
18.064,0.0132,0.0469,1.0911,0.1798,-0.0177,0.2332,3.5448,-0.8010,256.5625,2.4601,-0.6916,1.5221,-1.1364,257.5782,257.71
18.084,0.0020,-0.0010,1.1096,0.4164,-0.3230,-0.0568,3.5531,-0.8075,256.5637,-0.0504,-0.1009,1.4672,-1.1012,257.5846,257.71
18.104,0.0312,0.0103,1.1255,2.2637,-0.4299,1.9737,3.5984,-0.8161,256.5242,0.5220,-1.5904,1.4728,-1.1290,257.5517,257.71
18.125,0.0659,-0.0095,1.1553,2.1111,-0.2467,1.7599,3.6406,-0.8210,256.4890,-0.4722,-3.2655,1.4356,-1.2192,257.5243,257.71
18.145,0.0234,0.0515,1.0759,-0.4538,0.3487,-0.3775,3.6316,-0.8140,256.4966,2.7411,-1.2465,1.4791,-1.2136,257.5498,257.98
18.165,0.0234,0.0061,1.1682,0.5767,-0.2391,-0.2859,3.6431,-0.8188,256.5023,0.2993,-1.1493,1.4430,-1.2156,257.5724,257.98
18.185,0.0112,0.0432,1.1428,2.2790,-0.3459,0.2103,3.6887,-0.8257,256.4981,2.1655,-0.5626,1.5156,-1.1961,257.5863,258.02
18.205,0.0112,0.0354,1.1150,-0.1866,-2.2543,-0.0263,3.6849,-0.8708,256.4986,1.8185,-0.5768,1.5242,-1.2146,257.6044,258.03
18.226,0.0054,0.0493,1.0947,-0.3241,0.2724,-0.1790,3.6785,-0.8654,256.5022,2.5794,-0.2808,1.5601,-1.1720,257.6248,258.03
18.246,0.0015,0.0139,1.1699,-0.3088,0.5014,-0.0645,3.6723,-0.8553,256.5035,0.6815,-0.0717,1.5191,-1.1184,257.6421,258.03
18.266,0.0281,0.0012,1.1245,0.5233,-0.4070,1.9584,3.6827,-0.8635,256.4643,0.0622,-1.4302,1.4708,-1.1387,257.6199,258.03
18.286,0.0574,0.0188,1.1643,0.3935,-0.3459,-0.0110,3.6906,-0.8704,256.4645,0.9250,-2.8207,1.4566,-1.2126,257.6364,258.03
18.306,0.0312,0.0166,1.0793,-1.4996,-0.1704,-1.4538,3.6606,-0.8738,256.4936,0.8812,-1.6582,1.4048,-1.2337,257.6800,258.03
18.326,0.0732,0.0127,1.1611,-0.6218,-0.0482,2.2027,3.6482,-0.8748,256.4495,0.6264,-3.6091,1.3617,-1.3296,257.6516,258.03
18.346,0.0244,0.0242,1.1404,-0.4309,0.5243,-0.4614,3.6396,-0.8643,256.4588,1.2142,-1.2262,1.3475,-1.3154,257.6637,257.73
18.366,-0.0164,0.0154,1.1206,0.5767,-0.3688,2.1798,3.6511,-0.8717,256.4152,0.7864,0.8362,1.3361,-1.2365,257.6228,257.69
18.386,0.0029,0.0159,1.0793,-1.3241,-0.3841,-0.2019,3.6246,-0.8793,256.4192,0.8423,-0.1555,1.2910,-1.2006,257.6293,257.69
18.406,0.0034,0.0444,1.0994,-1.4691,-0.2085,-1.6370,3.5952,-0.8835,256.4520,2.3145,-0.1780,1.3037,-1.1637,257.6628,257.68
18.426,0.0330,0.0042,1.1116,-0.3241,0.1426,-0.4538,3.5888,-0.8807,256.4610,0.2139,-1.6984,1.2539,-1.1823,257.6723,257.68
18.447,0.0603,0.0095,1.1667,2.1874,0.4709,-1.6675,3.6325,-0.8712,256.4944,0.4676,-2.9586,1.2644,-1.2444,257.7046,257.68
18.467,0.0552,-0.0142,1.1560,2.2714,-0.2467,2.0500,3.6779,-0.8762,256.4534,-0.7018,-2.7324,1.2294,-1.3086,257.6643,257.68
18.487,0.0549,0.0518,1.0793,0.1874,0.0510,0.1187,3.6817,-0.8752,256.4510,2.7454,-2.9101,1.2936,-1.3717,257.6627,257.68
18.507,0.0249,0.0320,1.1360,-0.3088,-0.2009,2.0806,3.6755,-0.8792,256.4094,1.6127,-1.2553,1.3005,-1.3709,257.6235,257.68
18.527,0.0020,0.0320,1.1208,-0.3317,0.4480,-0.1408,3.6689,-0.8702,256.4122,1.6344,-0.0998,1.3075,-1.3114,257.6285,257.68
18.547,-0.0156,0.0293,1.1626,0.4088,-2.4299,1.9966,3.6770,-0.9188,256.3723,1.4435,0.7697,1.3207,-1.2749,257.5986,257.84
18.567,-0.0120,0.0298,1.0642,-1.2553,-0.2162,-0.1637,3.6519,-0.9231,256.3755,1.6032,0.6438,1.3079,-1.2023,257.6115,257.84
18.587,0.0144,0.0352,1.1060,0.6454,-0.3688,-1.6446,3.6648,-0.9305,256.4084,1.8207,-0.7458,1.3408,-1.1911,257.6532,257.86
18.607,0.0623,-0.0146,1.1277,-0.1714,0.4403,-0.3317,3.6614,-0.9217,256.4151,-0.7442,-3.1596,1.2541,-1.2614,257.6573,257.60
18.627,0.0403,0.0022,1.1299,2.1187,0.4632,0.1493,3.7038,-0.9124,256.4121,0.1114,-2.0419,1.2491,-1.2837,257.6521,257.60
18.647,0.0542,0.0149,1.1414,2.2637,-0.3688,2.0882,3.7491,-0.9198,256.3703,0.7476,-2.7185,1.2725,-1.3482,257.6083,257.56
18.667,0.0217,0.0278,1.1221,0.1645,0.4480,-0.2401,3.7524,-0.9109,256.3751,1.4209,-1.1090,1.2816,-1.3300,257.6107,257.55
18.687,0.0239,0.0259,1.1709,-1.5683,-0.5368,2.1416,3.7210,-0.9216,256.3323,1.2661,-1.1703,1.2509,-1.3339,257.5672,257.55
18.708,-0.0100,0.0303,1.1238,-0.1485,0.2648,-0.4691,3.7180,-0.9163,256.3417,1.5431,0.5101,1.2597,-1.2551,257.5756,257.55
18.728,-0.0085,0.0554,1.0942,-0.2248,0.4174,-0.1255,3.7135,-0.9080,256.3442,2.8994,0.4468,1.3210,-1.1790,257.5770,257.55
18.748,0.0295,0.0146,1.1069,-0.0492,-0.0482,0.2332,3.7125,-0.9089,256.3395,0.7582,-1.5286,1.2975,-1.1939,257.5661,257.42
18.768,0.0186,0.0195,1.1135,2.1721,0.2571,-0.3011,3.7560,-0.9038,256.3455,1.0049,-0.9545,1.3275,-1.1794,257.5659,257.42
18.788,0.0493,-0.0022,1.1382,2.1034,0.3411,-0.2630,3.7981,-0.8970,256.3508,-0.1106,-2.4810,1.3104,-1.2249,257.5642,257.40
18.808,0.0396,0.0188,1.1042,-0.0034,0.2877,-0.3546,3.7980,-0.8912,256.3579,0.9753,-2.0510,1.2969,-1.2524,257.5705,257.55
18.828,0.0510,0.0005,1.1333,-0.2553,0.3716,-0.2553,3.7929,-0.8838,256.3630,0.0247,-2.5779,1.2411,-1.2983,257.5747,257.55
18.848,0.0281,0.0437,1.1169,0.0042,0.2190,-0.2095,3.7930,-0.8794,256.3672,2.2406,-1.4388,1.2812,-1.2997,257.5788,257.58
18.868,-0.0090,0.0129,1.1406,2.1950,-0.3001,2.0042,3.8369,-0.8854,256.3271,0.6499,0.4537,1.2981,-1.2353,257.5404,257.58
18.888,0.0005,0.0400,1.1042,-0.2477,0.4632,-0.1942,3.8319,-0.8761,256.3310,2.0766,-0.0253,1.3245,-1.1780,257.5457,257.58
18.908,-0.0076,0.0376,1.0742,0.3095,-0.0558,-0.0187,3.8381,-0.8772,256.3314,2.0045,0.4034,1.3576,-1.1159,257.5475,257.58
18.929,0.0010,0.0151,1.1216,-1.1866,-0.4528,-1.5836,3.8144,-0.8863,256.3630,0.7732,-0.0499,1.3115,-1.0819,257.5792,257.58
18.949,0.0386,0.0254,1.1436,0.1950,-0.1475,0.1722,3.8183,-0.8892,256.3596,1.2719,-1.9315,1.3136,-1.1187,257.5858,257.83
18.969,0.0569,0.0081,1.1614,0.3095,-0.3917,1.8745,3.8245,-0.8971,256.3221,0.3975,-2.8041,1.2829,-1.1937,257.5594,257.83
18.989,0.0562,0.0142,1.1804,2.0347,0.0816,-0.1484,3.8651,-0.8955,256.3251,0.6873,-2.7233,1.2982,-1.2533,257.5743,257.86
19.009,0.0137,0.0344,1.1309,0.5004,-0.4910,2.0500,3.8752,-0.9053,256.2841,1.7436,-0.6923,1.3256,-1.2403,257.5349,257.57
19.029,0.0234,0.0222,1.1111,-0.3470,0.0892,-1.6523,3.8682,-0.9035,256.3171,1.1455,-1.2082,1.3117,-1.2373,257.5682,257.57
19.049,-0.0100,0.0596,1.0796,0.1798,0.2953,0.0653,3.8718,-0.8976,256.3158,3.1583,0.5304,1.3890,-1.1609,257.5654,257.53
19.069,-0.0068,0.0037,1.1504,2.2485,-0.1933,1.8058,3.9168,-0.9014,256.2797,0.1824,0.3405,1.3839,-1.1046,257.5291,257.52
19.089,0.0093,0.0361,1.0950,0.2866,0.2877,-0.1637,3.9225,-0.8957,256.2830,1.8900,-0.4852,1.4097,-1.0743,257.5320,257.52
19.109,0.0173,0.0015,1.0955,0.7065,-0.5291,0.4012,3.9366,-0.9063,256.2749,0.0766,-0.9065,1.3699,-1.0777,257.5239,257.52
19.132,0.0122,0.0442,1.1052,2.2943,-0.2314,-0.2477,3.9825,-0.9109,256.2799,2.2896,-0.6323,1.4508,-1.0643,257.5286,257.52
19.152,-0.0088,0.0393,1.1042,-1.2859,-0.3688,-0.3164,3.9568,-0.9183,256.2862,2.0386,0.4557,1.4496,-1.0106,257.5345,257.52
19.172,-0.0039,0.0356,1.1038,-0.0645,0.4098,-0.0416,3.9555,-0.9101,256.2871,1.8497,0.2027,1.4644,-0.9542,257.5348,257.52
19.192,0.0105,-0.0034,1.0952,-1.3393,-0.3001,-1.6523,3.9287,-0.9161,256.3201,-0.1788,-0.5492,1.3729,-0.9438,257.5660,257.52
19.212,0.0173,0.0457,1.1677,-0.2401,0.3945,-0.2248,3.9239,-0.9082,256.3246,2.2389,-0.8498,1.4029,-0.9324,257.5597,257.30
19.232,0.0361,0.0034,1.1091,0.6378,-0.3536,0.3401,3.9367,-0.9153,256.3178,0.1766,-1.8659,1.3661,-0.9766,257.5429,257.30
19.252,0.0566,0.0081,1.1360,0.4088,-0.4910,0.0882,3.9449,-0.9251,256.3160,0.4063,-2.8543,1.3356,-1.0611,257.5302,257.27
19.272,0.0559,0.0498,1.0715,0.2103,-0.0482,0.0195,3.9491,-0.9261,256.3156,2.6612,-2.9835,1.3927,-1.1389,257.5235,257.37
19.292,0.0349,0.0298,1.1672,-0.4767,-0.0024,2.1798,3.9395,-0.9261,256.2720,1.4617,-1.7127,1.3863,-1.1619,257.4757,257.37
19.312,0.0227,0.0237,1.1111,-0.2935,0.3869,-0.1179,3.9337,-0.9184,256.2744,1.2210,-1.1704,1.3740,-1.1548,257.4745,257.39
19.333,0.0093,0.0312,1.1265,2.0271,0.0510,-0.2630,3.9742,-0.9173,256.2797,1.5891,-0.4717,1.4215,-1.1265,257.4763,257.39
19.353,-0.0154,0.0378,1.0635,-1.0874,-0.5139,-0.3698,3.9525,-0.9276,256.2871,2.0379,0.8281,1.4253,-1.0582,257.4800,257.39
19.373,0.0046,0.0386,1.0920,-1.3470,-0.1246,-1.5836,3.9255,-0.9301,256.3187,2.0230,-0.2432,1.4234,-1.0280,257.5069,257.39
19.393,0.0391,0.0137,1.1697,0.0424,0.3106,-0.3317,3.9264,-0.9239,256.3254,0.6697,-1.9126,1.3940,-1.0574,257.5087,257.39
19.413,0.0393,0.0056,1.1243,0.3935,0.4174,-1.4920,3.9342,-0.9156,256.3552,0.2862,-2.0023,1.3573,-1.0872,257.5327,257.39
19.433,0.0537,-0.0151,1.1458,0.4011,-0.3154,1.9966,3.9423,-0.9219,256.3153,-0.7569,-2.6837,1.2804,-1.1571,257.4898,257.42
19.453,0.0566,0.0608,1.0825,-0.0034,0.0358,-0.1026,3.9422,-0.9211,256.3173,3.2142,-2.9905,1.3577,-1.2298,257.4890,257.42
19.473,0.0291,0.0322,1.1477,1.7523,0.2342,-1.5225,3.9772,-0.9165,256.3478,1.6084,-1.4495,1.4014,-1.2341,257.5155,257.42
19.493,0.0190,0.0312,1.1580,-0.0569,0.1655,-0.3393,3.9761,-0.9131,256.3546,1.5459,-0.9418,1.4060,-1.2192,257.5442,258.07
19.513,0.0054,0.0457,1.1084,-0.1103,0.4327,-0.2171,3.9739,-0.9045,256.3589,2.3586,-0.2774,1.4420,-1.1732,257.5734,258.17
19.533,-0.0024,0.0369,1.1558,-0.0645,0.3106,-0.4004,3.9726,-0.8983,256.3669,1.8269,0.1210,1.4562,-1.1155,257.6054,258.18
19.554,0.0078,0.0400,1.0977,-1.5454,-0.0024,-1.6752,3.9417,-0.8983,256.4004,2.0890,-0.4075,1.4518,-1.0872,257.6607,258.18
19.574,0.0005,0.0303,1.1211,-1.3241,-0.4910,0.2943,3.9152,-0.9082,256.3945,1.5468,-0.0249,1.4302,-1.0541,257.6760,258.19
19.594,0.0410,0.0234,1.1140,-0.4767,0.3716,-0.2859,3.9057,-0.9007,256.4002,1.2053,-2.1081,1.4121,-1.0892,257.7019,258.19
19.614,0.0342,0.0103,1.1587,1.9660,0.2877,-1.5378,3.9450,-0.8950,256.4310,0.5070,-1.6896,1.4136,-1.1077,257.7507,258.19
19.634,0.0400,-0.0051,1.1519,1.9126,0.1350,-0.0950,3.9833,-0.8923,256.4329,-0.2550,-1.9908,1.3836,-1.1404,257.7322,257.24
19.654,0.0308,0.0547,1.0627,0.3019,-0.0558,0.1264,3.9893,-0.8934,256.4304,2.9458,-1.6558,1.4519,-1.1621,257.7045,257.10
19.674,0.0122,0.0415,1.1489,-0.2935,-0.0635,-1.6752,3.9834,-0.8947,256.4639,2.0689,-0.6083,1.4709,-1.1412,257.7124,257.10
19.694,-0.0151,0.0220,1.1147,-0.4386,0.4403,-0.3164,3.9747,-0.8858,256.4702,1.1292,0.7778,1.4488,-1.0559,257.7255,257.89
19.714,-0.0056,0.0464,1.0679,-1.5836,0.1961,0.0653,3.9430,-0.8819,256.4689,2.4873,0.3010,1.4600,-0.9979,257.7355,258.01
19.734,0.0137,0.0078,1.1797,-0.3546,0.5319,-0.4385,3.9359,-0.8713,256.4777,0.3794,-0.6640,1.4099,-0.9743,257.7555,258.02
19.755,0.0291,0.0115,1.0962,-1.4157,-0.3459,-1.6141,3.9076,-0.8782,256.5100,0.5997,-1.5181,1.3503,-1.0027,257.7972,258.02
19.775,0.0354,0.0022,1.1521,2.1569,-0.3536,1.9890,3.9507,-0.8853,256.4702,0.1093,-1.7600,1.3421,-1.0398,257.7682,258.03
19.795,0.0503,0.0564,1.0969,0.1263,0.4709,-0.1561,3.9532,-0.8759,256.4733,2.9432,-2.6217,1.4086,-1.0940,257.7816,258.03
19.815,0.0532,0.0002,1.1633,-0.3470,-0.3917,-0.0263,3.9463,-0.8837,256.4738,0.0120,-2.6195,1.3461,-1.1626,257.7747,257.60
19.835,0.0530,0.0276,1.1602,-0.0263,0.1655,-0.3698,3.9458,-0.8804,256.4812,1.3622,-2.6139,1.3462,-1.2174,257.7748,257.60
19.855,0.0300,0.0215,1.0798,-1.5607,0.0358,0.2638,3.9146,-0.8797,256.4759,1.1398,-1.5926,1.3080,-1.2318,257.7601,257.53
19.875,0.0012,0.0471,1.1162,0.2027,0.3029,-0.0874,3.9186,-0.8736,256.4777,2.4172,-0.0626,1.3562,-1.1792,257.7684,257.93
19.895,-0.0085,0.0498,1.0884,0.1721,-0.0788,-1.6675,3.9221,-0.8752,256.5110,2.6201,0.4494,1.4101,-1.1156,257.8068,257.93
19.915,0.0085,0.0039,1.1440,0.6607,1.3793,0.3859,3.9353,-0.8476,256.5033,0.1956,-0.4279,1.3742,-1.0616,257.8066,257.99
19.935,0.0454,0.0439,1.1423,0.0347,-0.1169,0.2561,3.9360,-0.8499,256.4982,2.2031,-2.2747,1.4080,-1.1123,257.7941,257.62
19.955,0.0427,0.0186,1.1445,0.3782,-0.4528,2.1951,3.9435,-0.8590,256.4543,0.9288,-2.1375,1.3961,-1.1620,257.7449,257.62
19.975,0.0559,0.0010,1.1414,2.2790,-0.2696,-0.0492,3.9891,-0.8644,256.4553,0.0490,-2.8043,1.3860,-1.2329,257.7385,257.56
19.996,0.0569,0.0586,1.1013,2.3172,-0.5291,2.1722,4.0355,-0.8750,256.4118,3.0455,-2.9526,1.4969,-1.3119,257.6894,257.55
